date,most common language
2023-11-02,en
2023-11-01,en
2023-10-31,en
2023-10-30,en
2023-10-29,en
2023-10-28,en
2023-10-27,en
2023-10-26,en
2023-10-25,en
2023-10-24,en
2023-10-23,en
2023-10-22,en
2023-10-21,en
2023-10-20,en
2023-10-19,en
2023-10-18,en
2023-10-17,en
2023-10-16,en
2023-10-15,en
2023-10-14,en
2023-10-13,en
2023-10-12,en
2023-10-11,en
2023-10-10,en
2023-10-09,en
2023-10-08,en
2023-10-07,en
2023-10-06,en
2023-10-05,en
2023-10-04,en
2023-10-03,en
2023-10-02,en
2023-10-01,en
2023-09-30,en
2023-09-29,en
2023-09-28,en
2023-09-27,en
2023-09-26,en
2023-09-25,en
2023-09-24,en
2023-09-23,en
2023-09-22,en
2023-09-21,en
2023-09-20,en
2023-09-19,en
2023-09-18,en
2023-09-17,en
2023-09-16,en
2023-09-15,en
2023-09-14,en
2023-09-13,en
2023-09-12,en
2023-09-11,en
2023-09-10,en
2023-09-09,en
2023-09-08,hi
2023-09-07,en
2023-09-06,en
2023-09-05,en
2023-09-04,en
2023-09-03,en
2023-09-02,en
2023-09-01,en
2023-08-31,en
2023-08-30,en
2023-08-29,en
2023-08-28,en
2023-08-27,en
2023-08-26,en
2023-08-25,en
2023-08-24,en
2023-08-23,en
2023-08-22,en
2023-08-21,en
2023-08-20,en
2023-08-19,en
2023-08-18,en
2023-08-17,en
2023-08-16,en
2023-08-15,en
2023-08-14,en
2023-08-13,en
2023-08-12,en
2023-08-11,en
2023-08-10,en
2023-08-09,en
2023-08-08,en
2023-08-07,en
2023-08-06,en
2023-08-05,en
2023-08-04,en
2023-08-03,en
2023-08-02,en
2023-08-01,en
2023-07-31,en
2023-07-30,en
2023-07-29,en
2023-07-28,en
2023-07-27,en
2023-07-26,en
2023-07-25,en
2023-07-24,en
2023-07-23,en
2023-07-22,en
2023-07-21,en
2023-07-20,en
2023-07-19,en
2023-07-18,en
2023-07-17,en
2023-07-16,en
2023-07-15,en
2023-07-14,en
2023-07-13,en
2023-07-12,en
2023-07-11,en
2023-07-10,en
2023-07-09,en
2023-07-08,en
2023-07-07,en
2023-07-06,en
2023-07-05,en
2023-07-04,en
2023-07-03,en
2023-07-02,en
2023-07-01,en
2023-06-30,en
2023-06-29,en
2023-06-28,en
2023-06-27,en
2023-06-26,en
2023-06-25,en
2023-06-24,en
2023-06-23,en
2023-06-22,en
2023-06-21,en
2023-06-20,en
2023-06-19,en
2023-06-18,en
2023-06-17,in
2023-06-16,en
2023-06-15,en
2023-06-11,en
2023-06-10,en
2023-06-09,en
2023-06-08,en
2023-06-07,en
2023-06-06,en
2023-06-05,en
2023-06-04,en
2023-06-03,en
2023-06-02,en
2023-06-01,en
2023-05-31,en
2023-05-30,en
2023-05-29,en
2023-05-28,en
2023-05-27,en
2023-05-26,en
2023-05-25,en
2023-05-23,en
2023-05-21,en
2023-05-20,en
2023-05-19,en
2023-05-18,en
2023-05-17,en
2023-05-15,en
2023-05-14,en
2023-05-13,en
2023-05-12,en
2023-05-11,en
2023-05-10,en
2023-05-09,en
2023-05-08,en
2023-05-07,en
2023-05-06,en
2023-05-05,en
2023-05-04,en
2023-05-03,en
2023-05-02,en
2023-05-01,en
2023-04-30,en
2023-04-28,en
2023-04-27,en
2023-04-26,en
2023-04-25,en
2023-04-24,en
2023-04-23,in
2023-04-22,en
2023-04-21,en
2023-04-20,en
2023-04-19,en
2023-04-18,en
2023-04-17,en
2023-04-16,en
2023-04-15,en
2023-04-14,en
2023-04-13,en
2023-04-12,en
2023-04-11,en
2023-04-10,en
2023-04-09,en
2023-04-08,en
2023-04-07,en
2023-04-06,en
2023-04-05,en
2023-04-04,en
2023-04-03,en
2023-04-02,et
2023-03-31,en
2023-03-29,en
2023-03-28,en
2023-03-27,en
2023-03-26,en
2023-03-25,en
2023-03-24,en
2023-03-23,en
2023-03-22,en
2023-03-21,en
2023-03-20,in
2023-03-19,en
2023-03-17,en
2023-03-16,en
2023-03-15,en
2023-03-14,en
2023-03-13,en
2023-03-12,en
2023-03-11,en
2023-03-10,en
2023-03-09,en
2023-03-08,en
2023-03-06,en
2023-03-05,in
2023-03-04,ar
2023-03-03,in
2023-03-02,en
2023-03-01,en
2023-02-28,en
2023-02-27,en
2023-02-26,en
2023-02-25,en
2023-02-24,en
2023-02-22,qme
2023-02-21,en
2023-02-20,en
2023-02-19,en
2023-02-18,en
2023-02-16,en
2023-02-15,en
2023-02-14,en
2023-02-12,en
2023-02-11,en
2023-02-10,en
2023-02-08,en
2023-02-07,en
2023-02-06,en
2023-02-05,en
2023-02-04,en
2023-02-03,en
2023-02-02,en
2023-02-01,en
2023-01-31,en
2023-01-30,en
2023-01-29,en
2023-01-28,en
2023-01-27,en
2023-01-26,en
2023-01-25,en
2023-01-24,en
2023-01-23,en
2023-01-22,en
2023-01-21,en
2023-01-20,en
2023-01-19,en
2023-01-18,en
2023-01-17,en
2023-01-16,en
2023-01-15,en
2023-01-14,en
2023-01-13,en
2023-01-12,en
2023-01-11,en
2023-01-10,en
2023-01-09,en
2023-01-08,en
2023-01-07,en
2023-01-06,en
2023-01-05,en
2023-01-04,en
2023-01-03,en
2023-01-02,en
2023-01-01,en
2022-12-31,en
2022-12-30,en
2022-12-29,en
2022-12-28,en
2022-12-27,en
2022-12-26,en
2022-12-25,en
2022-12-24,en
2022-12-22,en
2022-12-20,en
2022-12-19,en
2022-12-18,en
2022-12-17,en
2022-12-16,en
2022-12-15,en
2022-12-14,en
2022-12-13,en
2022-12-12,en
2022-12-11,en
2022-12-10,en
2022-12-09,en
2022-12-08,en
2022-12-07,en
2022-12-06,en
2022-12-05,en
2022-12-04,en
2022-12-03,en
2022-12-02,en
2022-12-01,en
2022-11-30,en
2022-11-29,en
2022-11-28,en
2022-11-27,en
2022-11-26,en
2022-11-25,en
2022-11-24,en
2022-11-23,en
2022-11-22,en
2022-11-21,en
2022-11-20,en
2022-11-19,en
2022-11-18,en
2022-11-17,en
2022-11-16,en
2022-11-15,en
2022-11-14,en
2022-11-13,en
2022-11-12,en
2022-11-11,en
2022-11-10,en
2022-11-09,en
2022-11-08,en
2022-11-07,en
2022-11-06,en
2022-11-05,en
2022-11-04,en
2022-11-02,en
2022-11-01,en
2022-10-31,en
2022-10-30,en
2022-10-29,en
2022-10-28,en
2022-10-27,en
2022-10-26,en
2022-10-25,en
2022-10-24,en
2022-10-23,en
2022-10-22,en
2022-10-21,en
2022-10-20,en
2022-10-19,en
2022-10-18,en
2022-10-17,en
2022-10-16,en
2022-10-15,en
2022-10-14,en
2022-10-13,en
2022-10-12,en
2022-10-11,en
2022-10-10,en
2022-10-09,en
2022-10-08,en
2022-10-07,en
2022-10-06,en
2022-10-03,en
2022-10-02,en
2022-10-01,en
2022-09-30,en
2022-09-29,en
2022-09-28,en
2022-09-27,en
2022-09-26,en
2022-09-24,en
2022-09-23,en
2022-09-22,en
2022-09-21,en
2022-09-20,en
2022-09-19,en
2022-09-18,en
2022-09-17,en
2022-09-16,cy
2022-09-15,en
2022-09-14,en
2022-09-13,en
2022-09-12,en
2022-09-11,en
2022-09-09,en
2022-09-08,en
2022-09-07,en
2022-09-06,en
2022-09-05,en
2022-09-03,en
2022-09-02,en
2022-09-01,nl
2022-08-31,en
2022-08-28,en
2022-08-27,en
2022-08-25,qme
2022-08-22,en
2022-08-20,en
2022-08-16,en
2022-08-12,en
2022-08-11,en
2022-08-10,en
2022-08-09,en
2022-08-02,en
2022-08-01,en
2022-07-31,cy
2022-07-29,in
2022-07-28,en
2022-07-27,qme
2022-07-24,en
2022-07-20,en
2022-07-17,en
2022-07-16,en
2022-07-15,en
2022-07-14,en
2022-07-13,en
2022-07-11,en
2022-07-10,tl
2022-07-09,en
2022-07-08,en
2022-07-07,en
2022-07-06,en
2022-07-05,en
2022-07-04,en
2022-07-03,en
2022-07-02,tl
2022-07-01,en
2022-06-30,in
2022-06-29,en
2022-06-27,zxx
2022-06-26,en
2022-06-25,en
2022-06-24,en
2022-06-23,en
2022-06-22,en
2022-06-21,en
2022-06-20,en
2022-06-19,en
2022-06-18,en
2022-06-17,en
2022-06-16,en
2022-06-15,en
2022-06-14,en
2022-06-13,en
2022-06-12,en
2022-06-11,en
2022-06-10,en
2022-06-09,en
2022-06-08,en
2022-06-07,tl
2022-06-06,en
2022-06-05,en
2022-06-04,en
2022-06-03,en
2022-06-02,en
2022-06-01,en
2022-05-31,en
2022-05-30,en
2022-05-29,en
2022-05-28,en
2022-05-27,en
2022-05-26,en
2022-05-25,en
2022-05-24,en
2022-05-23,en
2022-05-22,en
2022-05-21,en
2022-05-20,en
2022-05-19,en
2022-05-18,en
2022-05-17,en
2022-05-16,en
2022-05-15,en
2022-05-14,en
2022-05-13,en
2022-05-12,en
2022-05-11,en
2022-05-10,en
2022-05-09,qme
2022-05-08,en
2022-05-07,ar
2022-05-06,en
2022-05-05,en
2022-05-04,en
2022-05-03,en
2022-05-02,en
2022-05-01,en
2022-04-30,en
2022-04-29,en
2022-04-28,en
2022-04-27,en
2022-04-26,en
2022-04-25,en
2022-04-24,en
2021-04-12,en
2021-04-11,en
2021-04-10,en
2021-04-09,en
2021-04-08,en
2021-04-07,en
2021-04-06,en
2021-04-05,en
2021-04-04,en
2021-04-03,en
2021-04-02,en
2021-04-01,en
2021-03-31,en
2021-03-30,en
2021-03-29,en
2021-03-28,en
2021-03-27,en
2021-03-26,en
2021-03-25,en
2021-03-24,en
2021-03-23,en
2021-03-22,en
2021-03-21,en
2021-03-20,en
2021-03-19,en
2021-03-18,en
2021-03-17,en
2021-03-16,en
2021-03-15,en
2021-03-14,en
2021-03-13,en
2021-03-12,en
2021-03-11,en
2021-03-10,en
2021-03-09,en
2021-03-08,en
2021-03-07,en
2021-03-06,en
2021-03-05,en
2021-03-04,en
2021-03-03,en
2021-03-02,en
2021-03-01,en
2021-02-28,en
2021-02-27,en
2021-02-26,und
2021-02-25,en
2021-02-24,ca
2021-02-23,en
2021-02-22,en
2021-02-21,en
2021-02-20,en
2021-02-19,en
2021-02-18,en
2021-02-17,en
2021-02-16,en
2021-02-15,en
2021-02-14,en
2021-02-13,en
2021-02-12,en
2021-02-11,en
2021-02-10,en
2021-02-09,en
2021-02-08,en
2021-02-07,en
2021-02-06,en
2021-02-05,en
2021-02-04,en
2021-02-03,en
2021-02-02,en
2021-02-01,en
2021-01-31,en
2021-01-30,en
2021-01-29,en
2021-01-28,en
2021-01-27,en
2021-01-26,en
2021-01-25,en
2021-01-24,en
2021-01-23,en
2021-01-22,en
2021-01-21,en
2021-01-20,en
2021-01-19,en
2021-01-18,en
2021-01-17,en
2021-01-16,en
2021-01-15,en
2021-01-14,en
2021-01-13,en
2021-01-12,en
2021-01-11,en
2021-01-10,en
2021-01-09,en
2021-01-08,en
2021-01-07,en
2021-01-06,en
2021-01-05,en
2021-01-04,en
2021-01-03,in
2021-01-02,en
2021-01-01,in
2020-12-31,en
2020-12-30,en
2020-12-29,en
2020-12-28,en
2020-12-27,en
2020-12-26,en
2020-12-25,en
2020-12-23,en
2020-12-22,en
2020-12-21,en
2020-12-20,en
2020-12-19,en
2020-12-17,en
2020-12-16,en
2020-12-15,en
2020-12-14,en
2020-12-12,en
2020-12-11,en
2020-12-10,in
2020-12-09,en
2020-12-08,qme
2020-12-07,en
2020-12-06,en
2020-12-04,en
2020-12-03,en
2020-12-02,in
2020-12-01,en
2020-11-29,en
2020-11-28,in
2020-11-27,en
2020-11-26,ca
2020-11-25,en
2020-11-24,en
2020-11-23,en
2020-11-22,in
2020-11-21,en
2020-11-20,de
2020-11-19,tl
2020-11-18,en
2020-11-17,tl
2020-11-16,en
2020-11-15,en
2020-11-14,en
2020-11-13,en
2020-11-12,en
2020-11-11,en
2020-11-10,en
2020-11-09,in
2020-11-08,en
2020-11-07,en
2020-11-06,en
2020-11-05,en
2020-11-04,en
2020-11-03,in
2020-11-02,en
2020-11-01,en
2020-10-31,en
2020-10-30,en
2020-10-29,en
2020-10-28,en
2020-10-27,en
2020-10-26,en
2020-10-25,en
2020-10-24,en
2020-10-23,en
2020-10-22,en
2020-10-21,en
2020-10-20,en
2020-10-19,en
2020-10-18,en
2020-10-17,en
2020-10-16,en
2020-10-15,en
2020-10-14,en
2020-10-13,en
2020-10-12,en
2020-10-11,en
2020-10-10,de
2020-10-08,en
2020-10-07,en
2020-10-06,en
2020-10-05,en
2020-10-04,en
2020-10-02,en
2020-09-30,tl
2020-09-29,in
2020-09-28,ca
2020-09-27,tl
2020-09-26,en
2020-09-25,in
2020-09-23,en
2020-09-19,en
2020-09-18,en
2020-09-17,qme
2020-09-16,en
2020-09-15,en
2020-09-13,en
2020-09-12,art
2020-09-11,en
2020-09-10,en
2020-09-07,en
2020-09-06,en
2020-09-05,en
2020-09-04,en
2020-09-03,und
2020-09-01,en
2020-08-31,en
2020-08-30,en
2020-08-29,en
2020-08-28,en
2020-08-27,en
2020-08-26,en
2020-08-25,en
2020-08-24,en
2020-08-22,en
2020-08-21,en
2020-08-20,en
2020-08-19,en
2020-08-18,en
2020-08-17,en
2020-08-16,en
2020-08-14,qme
2020-08-11,en
2020-08-10,en
2020-08-09,en
2020-08-07,en
2020-08-06,en
2020-08-04,en
2020-08-01,en
2020-07-30,ar
2020-07-28,en
2020-07-27,en
2020-07-26,en
2020-07-25,en
2020-07-24,en
2020-07-23,en
2020-07-21,en
2020-07-20,en
2020-07-19,en
2020-07-18,en
2020-07-17,en
2020-07-16,en
2020-07-15,en
2020-07-14,en
2020-07-12,en
2020-07-11,en
2020-07-10,en
2020-07-09,en
2020-07-08,en
2020-07-07,en
2020-07-06,en
2020-07-05,en
2020-07-04,en
2020-07-03,en
2020-07-02,en
2020-06-16,en
2020-06-15,en
2020-06-14,en
2020-06-13,en
2020-06-12,en
2020-06-11,en
2020-06-09,en
2020-06-08,en
2020-06-04,en
2020-03-31,qme
2020-03-21,en
2020-02-01,und
2019-07-11,en
