date,hour,counts
2021-01-21,23,26
2023-08-20,19,26
2021-04-07,8,23
2023-08-25,16,21
2021-01-19,9,19
2021-01-21,22,19
2022-11-21,17,18
2023-08-26,12,18
2023-07-29,8,17
2021-02-20,8,17
2023-07-04,19,17
2023-09-03,14,17
2022-12-01,6,17
2022-12-12,7,17
2021-04-11,16,17
2022-05-31,13,16
2022-05-06,17,16
2022-06-11,21,15
2022-10-30,21,15
2022-05-17,23,14
2023-09-13,10,14
2021-04-08,11,14
2023-09-14,22,14
2023-07-06,17,14
2022-12-17,12,14
2022-10-23,14,14
2023-09-05,22,14
2023-06-04,11,13
2023-08-26,21,13
2022-06-24,16,13
2022-04-27,23,13
2023-08-17,7,13
2020-12-26,9,13
2023-07-30,9,13
2023-01-19,13,13
2022-11-30,11,13
2021-03-13,16,13
2023-10-22,22,12
2023-08-10,16,12
2023-10-15,17,12
2023-01-17,17,12
2020-12-09,1,12
2021-03-26,19,12
2023-08-12,16,12
2023-08-20,17,12
2022-05-05,15,12
2021-03-23,10,12
2023-06-06,6,12
2021-02-15,1,12
2020-12-19,10,12
2021-04-08,21,11
2023-08-19,8,11
2022-04-24,14,11
2023-05-30,6,11
2021-04-11,22,11
2021-04-10,11,11
2023-07-20,16,11
2023-01-04,11,11
2022-11-06,18,11
2023-09-02,9,11
2021-04-10,10,11
2023-06-20,14,11
2023-07-24,11,11
2022-12-14,14,11
2022-05-05,14,11
2023-08-02,9,11
2021-03-10,21,11
2023-03-27,14,11
2023-10-01,16,11
2022-11-19,10,11
2022-04-26,15,11
2023-01-22,10,11
2020-10-30,19,11
2020-11-09,16,11
2023-06-26,18,10
2023-08-13,17,10
2023-06-19,18,10
2023-09-03,9,10
2023-03-25,8,10
2023-10-15,5,10
2023-07-26,20,10
2023-01-14,21,10
2023-01-01,16,10
2020-07-23,11,10
2022-04-28,21,10
2023-06-07,10,10
2022-04-25,13,10
2023-10-06,21,10
2023-01-09,13,10
2020-07-05,8,10
2022-05-20,19,10
2023-08-02,18,10
2023-08-12,14,10
2023-03-26,19,10
2023-08-23,6,10
2022-05-12,8,10
2023-01-11,13,10
2022-04-27,22,10
2023-08-22,20,10
2022-12-04,16,9
2022-05-12,12,9
2023-06-20,8,9
2023-01-10,14,9
2022-06-19,20,9
2022-12-05,6,9
2022-05-30,20,9
2022-11-13,16,9
2020-08-20,3,9
2022-06-12,7,9
2022-04-30,9,9
2023-01-14,14,9
2023-03-19,15,9
2022-04-30,17,9
2022-11-30,14,9
2022-05-19,19,9
2023-08-02,13,9
2021-02-17,15,9
2022-10-25,21,9
2023-01-26,16,9
2023-09-19,19,9
2023-08-12,9,9
2022-11-23,11,9
2023-08-07,20,9
2022-12-11,7,9
2023-07-03,12,9
2023-09-30,18,9
2023-08-29,9,9
2022-05-02,5,9
2023-01-16,19,9
2023-08-04,11,9
2023-08-25,12,9
2023-08-28,7,9
2022-07-03,20,9
2023-08-08,16,9
2023-06-08,8,9
2022-10-27,19,9
2022-11-19,7,9
2022-04-28,0,8
2023-01-16,13,8
2021-02-22,19,8
2020-11-05,10,8
2022-10-25,14,8
2021-04-03,20,8
2021-04-07,18,8
2022-11-02,8,8
2023-08-28,17,8
2023-08-08,15,8
2023-01-29,14,8
2023-10-26,19,8
2022-11-19,13,8
2022-10-30,15,8
2023-09-02,8,8
2023-06-05,18,8
2022-11-18,10,8
2023-08-04,13,8
2023-09-10,12,8
2023-08-29,14,8
2022-07-03,17,8
2020-07-18,10,8
2022-04-27,16,8
2023-08-29,8,8
2023-08-17,6,8
2020-08-26,18,8
2021-04-03,22,8
2022-05-30,16,8
2023-07-21,11,8
2023-09-26,8,8
2023-08-06,13,8
2021-04-06,16,8
2021-02-10,13,8
2022-06-15,12,8
2023-10-22,18,8
2023-09-18,10,8
2023-07-31,10,8
2023-08-12,3,8
2022-05-05,22,8
2022-11-29,17,8
2023-06-06,7,8
2023-10-30,15,8
2023-07-27,10,8
2022-09-19,18,8
2022-11-06,17,8
2023-08-31,19,8
2023-08-04,20,8
2023-08-06,19,8
2021-04-07,15,8
2020-09-15,17,8
2023-07-25,15,8
2023-08-22,13,8
2021-03-09,22,7
2021-03-23,12,7
2023-10-13,14,7
2023-08-28,15,7
2023-08-11,14,7
2022-12-25,6,7
2020-10-29,8,7
2023-08-11,9,7
2023-09-13,11,7
2022-10-29,17,7
2023-10-11,12,7
2021-03-13,11,7
2023-02-05,14,7
2022-04-30,20,7
2021-03-16,21,7
2020-10-25,12,7
2023-10-12,20,7
2021-03-17,19,7
2021-02-15,12,7
2020-12-27,8,7
2023-08-12,8,7
2023-02-02,17,7
2020-10-21,19,7
2022-12-22,12,7
2023-10-10,17,7
2022-10-27,12,7
2022-05-31,15,7
2020-11-01,16,7
2023-08-28,14,7
2022-11-30,18,7
2023-08-27,18,7
2023-08-09,12,7
2023-08-09,11,7
2023-08-09,8,7
2023-06-07,12,7
2021-03-23,14,7
2022-05-08,20,7
2023-07-29,9,7
2022-05-10,12,7
2022-05-18,0,7
2020-07-09,22,7
2023-07-01,16,7
2023-07-01,13,7
2023-06-20,19,7
2023-10-27,21,7
2021-04-02,22,7
2023-07-24,15,7
2020-12-23,17,7
2023-01-23,16,7
2022-04-25,2,7
2023-06-20,12,7
2021-02-17,21,7
2023-10-24,20,7
2023-08-15,13,7
2022-05-06,21,7
2023-10-29,20,7
2023-08-30,9,7
2023-01-20,12,7
2020-07-06,20,7
2020-07-05,22,7
2023-08-16,12,7
2020-11-29,11,7
2022-10-14,2,7
2023-08-30,1,7
2023-10-04,6,7
2022-11-28,7,7
2023-10-03,10,7
2022-05-19,20,7
2023-05-12,17,7
2023-06-22,16,7
2023-06-20,10,7
2021-04-01,22,7
2023-07-15,13,7
2023-10-18,6,7
2022-05-28,15,7
2023-04-22,20,7
2023-07-29,21,7
2020-11-08,13,7
2020-11-12,22,7
2023-06-04,21,7
2022-10-23,13,7
2022-04-27,1,7
2022-04-27,21,7
2022-11-23,13,7
2021-03-25,16,7
2022-09-20,12,7
2022-04-25,20,7
2023-04-21,8,7
2022-09-15,10,7
2022-10-23,12,7
2022-06-12,13,7
2023-04-09,1,7
2022-06-15,16,6
2022-11-30,12,6
2023-03-09,20,6
2023-08-26,8,6
2023-02-19,18,6
2023-07-08,4,6
2022-05-10,18,6
2023-07-07,17,6
2023-08-17,10,6
2023-07-27,9,6
2021-03-13,8,6
2023-10-01,21,6
2023-08-16,2,6
2023-06-24,18,6
2023-07-10,12,6
2023-03-16,12,6
2022-06-24,21,6
2023-09-10,13,6
2023-03-16,15,6
2020-11-13,14,6
2023-08-27,7,6
2022-06-21,19,6
2023-10-02,16,6
2020-11-01,11,6
2022-05-04,4,6
2023-03-12,16,6
2022-11-04,21,6
2023-10-09,5,6
2022-05-06,18,6
2023-01-05,14,6
2023-07-25,16,6
2021-03-10,22,6
2023-06-10,10,6
2023-10-24,9,6
2021-04-01,12,6
2023-08-22,7,6
2022-05-17,13,6
2022-04-25,0,6
2023-06-02,12,6
2023-07-21,19,6
2021-02-04,17,6
2023-07-04,10,6
2021-02-04,21,6
2023-08-21,6,6
2022-05-27,14,6
2023-08-22,8,6
2023-07-30,11,6
2022-12-12,4,6
2022-09-20,9,6
2020-08-22,6,6
2023-06-04,19,6
2021-01-11,22,6
2023-09-01,9,6
2023-10-20,14,6
2021-01-11,8,6
2023-06-05,15,6
2022-09-27,14,6
2023-08-30,16,6
2022-05-13,11,6
2023-05-28,14,6
2023-10-31,11,6
2023-01-17,16,6
2023-07-17,14,6
2023-10-31,7,6
2021-04-07,20,6
2022-05-21,20,6
2021-04-10,13,6
2020-07-05,18,6
2023-08-02,20,6
2020-07-06,8,6
2023-01-20,15,6
2023-05-04,10,6
2022-05-18,12,6
2021-04-05,14,6
2021-04-05,11,6
2022-10-15,6,6
2023-01-17,7,6
2023-08-30,13,6
2021-04-11,13,6
2020-07-09,23,6
2022-12-04,8,6
2021-01-19,11,6
2022-12-02,16,6
2022-04-25,22,6
2023-06-06,5,6
2020-10-20,18,6
2023-06-07,9,6
2023-04-06,4,6
2023-06-07,11,6
2023-09-03,7,6
2021-03-20,6,6
2020-10-18,19,6
2022-05-31,14,6
2023-04-04,8,6
2023-02-02,8,6
2022-11-17,10,6
2022-10-27,15,6
2023-07-19,13,6
2022-05-31,19,6
2022-05-31,20,6
2023-09-04,11,6
2020-10-28,11,6
2023-06-28,5,6
2021-04-09,21,6
2023-06-29,5,6
2022-05-12,18,6
2023-01-29,15,6
2023-01-11,19,6
2023-07-29,20,6
2023-10-17,21,6
2020-09-19,10,6
2023-09-02,10,6
2022-06-09,9,5
2023-08-25,13,5
2023-07-04,17,5
2022-05-18,8,5
2021-01-10,20,5
2023-06-23,19,5
2021-02-16,16,5
2022-11-16,17,5
2022-11-23,6,5
2023-08-17,16,5
2023-02-14,8,5
2023-02-02,19,5
2023-09-21,6,5
2022-11-27,16,5
2023-01-14,8,5
2023-08-16,9,5
2023-07-03,10,5
2023-06-23,11,5
2021-01-25,11,5
2023-08-22,17,5
2023-07-22,16,5
2022-06-17,10,5
2023-06-27,20,5
2023-06-27,18,5
2023-09-15,18,5
2023-01-10,10,5
2023-07-06,18,5
2023-09-15,20,5
2022-11-16,15,5
2023-06-30,12,5
2023-09-30,21,5
2023-08-17,9,5
2022-06-09,14,5
2023-08-20,16,5
2021-01-05,18,5
2022-11-22,21,5
2023-08-21,1,5
2023-09-16,20,5
2023-07-22,20,5
2022-05-16,10,5
2023-07-24,10,5
2023-08-24,6,5
2023-08-25,18,5
2023-10-01,6,5
2022-11-22,20,5
2023-08-20,15,5
2023-01-11,11,5
2022-11-18,17,5
2022-05-16,20,5
2023-07-05,13,5
2022-06-04,22,5
2022-05-12,16,5
2022-05-31,6,5
2023-08-16,18,5
2021-01-19,8,5
2023-09-22,5,5
2021-01-18,19,5
2022-05-23,17,5
2023-01-22,11,5
2021-02-11,17,5
2022-05-30,21,5
2023-06-30,10,5
2023-01-22,15,5
2021-01-04,9,5
2023-01-25,22,5
2023-07-20,20,5
2023-08-16,14,5
2022-11-21,10,5
2023-06-23,9,5
2023-07-25,9,5
2022-09-08,22,5
2022-04-27,17,5
2023-04-12,10,5
2022-09-13,18,5
2022-12-14,9,5
2023-06-05,9,5
2023-07-18,15,5
2022-09-18,11,5
2023-10-21,10,5
2023-07-30,10,5
2022-04-26,7,5
2022-09-20,10,5
2023-04-21,9,5
2023-07-30,12,5
2023-08-06,12,5
2023-04-08,20,5
2023-04-08,10,5
2023-08-31,13,5
2023-04-07,3,5
2022-04-30,19,5
2023-03-31,4,5
2022-04-30,18,5
2022-12-22,13,5
2023-08-10,10,5
2023-06-08,11,5
2023-04-04,7,5
2020-10-18,17,5
2020-10-18,10,5
2021-03-20,7,5
2023-04-05,4,5
2023-10-14,13,5
2023-08-08,20,5
2023-04-06,21,5
2020-10-11,9,5
2023-08-06,9,5
2021-03-29,21,5
2022-05-01,0,5
2023-07-31,19,5
2023-05-06,9,5
2020-07-06,9,5
2023-08-02,15,5
2022-10-08,18,5
2022-10-09,7,5
2021-04-07,19,5
2022-10-09,9,5
2020-07-02,23,5
2022-10-09,21,5
2023-07-17,17,5
2023-05-12,11,5
2023-05-25,11,5
2023-08-29,20,5
2022-10-12,21,5
2023-08-01,8,5
2023-08-30,8,5
2023-05-05,11,5
2023-10-24,15,5
2023-08-30,10,5
2023-04-25,19,5
2022-09-24,10,5
2022-04-24,22,5
2022-10-16,19,5
2023-08-04,19,5
2021-04-01,21,5
2022-04-24,13,5
2023-05-29,19,5
2023-10-27,22,5
2023-10-28,8,5
2020-07-11,20,5
2023-05-04,11,5
2021-04-04,7,5
2023-08-03,20,5
2022-10-01,20,5
2021-03-15,15,5
2022-09-08,17,5
2022-11-07,20,5
2023-09-09,19,5
2023-08-11,1,5
2023-08-13,5,5
2020-11-14,12,5
2023-08-26,16,5
2023-10-10,4,5
2022-06-26,16,5
2023-08-26,11,5
2023-06-11,11,5
2023-10-09,15,5
2023-07-19,17,5
2020-11-01,19,5
2023-07-27,14,5
2023-01-04,12,5
2022-07-05,0,5
2022-05-05,10,5
2021-03-02,15,5
2023-06-20,11,5
2023-01-04,16,5
2023-08-15,12,5
2022-06-20,23,5
2023-03-26,11,5
2023-08-16,6,5
2023-08-14,7,5
2023-08-27,8,5
2023-09-07,17,5
2023-10-04,13,5
2023-07-25,10,5
2022-06-19,21,5
2023-09-04,19,5
2022-06-19,23,5
2023-07-10,10,5
2020-11-08,17,5
2021-03-04,16,5
2022-05-01,19,5
2023-03-26,16,5
2023-07-25,18,5
2023-09-20,8,5
2023-08-23,11,4
2022-12-01,8,4
2023-08-31,5,4
2022-12-10,6,4
2022-12-10,7,4
2022-11-22,11,4
2023-01-16,8,4
2021-03-06,12,4
2021-02-17,17,4
2021-02-04,0,4
2022-04-25,1,4
2022-05-03,21,4
2023-08-31,9,4
2023-07-16,12,4
2022-05-10,13,4
2023-08-29,10,4
2022-11-21,18,4
2021-04-08,17,4
2021-02-22,9,4
2023-08-26,2,4
2021-01-29,13,4
2021-04-08,9,4
2022-05-06,22,4
2022-05-06,20,4
2022-12-06,18,4
2023-07-17,20,4
2023-01-07,18,4
2021-02-25,11,4
2021-04-03,13,4
2023-01-17,10,4
2023-07-21,20,4
2023-09-10,19,4
2022-05-18,10,4
2023-08-30,11,4
2021-04-11,14,4
2021-03-30,7,4
2023-09-12,16,4
2021-04-04,6,4
2022-12-08,5,4
2021-03-06,15,4
2023-07-18,10,4
2022-04-25,9,4
2023-09-15,7,4
2022-05-11,14,4
2022-12-01,4,4
2023-09-02,14,4
2023-07-18,20,4
2023-08-01,9,4
2023-07-12,21,4
2021-03-22,23,4
2023-07-10,15,4
2023-01-09,12,4
2022-05-01,22,4
2021-03-22,12,4
2022-04-28,18,4
2023-09-06,10,4
2023-09-03,12,4
2022-05-12,17,4
2022-05-01,18,4
2022-04-29,15,4
2023-08-24,19,4
2023-07-11,7,4
2023-07-19,12,4
2021-02-13,16,4
2023-08-27,20,4
2022-05-01,13,4
2022-05-12,15,4
2022-12-25,5,4
2023-08-24,16,4
2021-03-14,16,4
2023-09-15,3,4
2022-12-17,7,4
2021-03-06,19,4
2023-07-13,13,4
2022-04-25,11,4
2023-08-31,10,4
2023-07-15,19,4
2022-12-30,12,4
2022-04-25,17,4
2023-09-07,10,4
2022-12-03,16,4
2021-02-16,13,4
2021-02-06,15,4
2022-04-26,8,4
2023-08-27,16,4
2023-07-18,11,4
2022-04-26,16,4
2021-03-27,16,4
2022-12-29,11,4
2022-05-13,20,4
2023-01-13,22,4
2022-12-03,6,4
2022-04-27,8,4
2023-01-13,11,4
2022-04-27,14,4
2022-12-14,10,4
2023-08-24,8,4
2022-11-25,15,4
2022-12-16,8,4
2021-03-25,20,4
2021-03-25,17,4
2022-10-12,14,4
2022-12-05,7,4
2023-07-03,8,4
2023-06-08,7,4
2020-10-31,10,4
2020-10-29,18,4
2022-07-24,17,4
2023-10-11,21,4
2023-03-28,21,4
2023-10-12,6,4
2023-06-09,17,4
2023-03-29,19,4
2020-10-27,18,4
2023-10-12,9,4
2023-08-10,20,4
2020-10-22,19,4
2023-08-10,15,4
2022-10-27,13,4
2023-06-07,21,4
2023-06-21,7,4
2023-04-05,2,4
2023-08-09,13,4
2020-10-17,6,4
2023-04-05,12,4
2022-10-25,18,4
2022-09-05,17,4
2022-10-25,17,4
2022-10-25,15,4
2023-10-16,11,4
2020-10-04,6,4
2023-04-08,12,4
2023-08-08,14,4
2023-08-08,12,4
2023-10-16,20,4
2022-07-11,22,4
2023-03-25,19,4
2023-03-25,16,4
2022-11-21,7,4
2023-08-14,20,4
2023-08-14,16,4
2022-11-06,19,4
2023-08-14,12,4
2022-06-25,10,4
2022-06-25,13,4
2020-11-14,22,4
2020-11-14,21,4
2023-07-26,9,4
2023-08-14,8,4
2020-11-14,15,4
2023-10-08,6,4
2022-06-26,18,4
2023-07-26,16,4
2023-08-13,16,4
2023-03-19,19,4
2020-11-10,13,4
2022-07-01,11,4
2023-08-13,11,4
2020-11-08,16,4
2023-06-19,5,4
2023-10-09,12,4
2023-08-12,18,4
2023-10-09,19,4
2022-11-02,13,4
2023-03-23,18,4
2023-10-10,5,4
2023-10-10,10,4
2023-10-10,11,4
2023-04-08,19,4
2023-04-09,9,4
2020-09-16,19,4
2023-05-01,13,4
2020-07-20,13,4
2022-09-28,8,4
2022-09-28,15,4
2022-09-28,17,4
2023-07-31,11,4
2023-10-28,9,4
2023-08-04,4,4
2023-08-03,19,4
2023-08-03,18,4
2023-08-03,17,4
2023-07-31,12,4
2020-07-09,8,4
2022-10-02,20,4
2023-05-05,8,4
2023-08-03,10,4
2020-07-06,18,4
2023-05-06,8,4
2023-08-03,0,4
2020-07-05,23,4
2023-05-07,11,4
2023-05-28,7,4
2020-07-04,18,4
2023-05-08,12,4
2022-10-09,10,4
2022-10-09,17,4
2023-10-31,10,4
2023-05-27,12,4
2023-05-11,19,4
2023-08-01,11,4
2023-05-30,7,4
2023-08-04,17,4
2020-09-16,8,4
2023-08-04,18,4
2023-08-08,4,4
2020-09-13,6,4
2022-10-24,10,4
2023-10-18,10,4
2022-09-12,8,4
2023-06-05,12,4
2023-08-07,11,4
2023-10-19,11,4
2023-10-19,18,4
2023-06-05,10,4
2023-04-13,10,4
2023-04-13,19,4
2023-07-30,8,4
2020-08-27,13,4
2020-08-21,23,4
2022-09-20,6,4
2023-06-04,5,4
2023-04-21,6,4
2020-08-16,8,4
2023-08-06,14,4
2023-10-23,6,4
2022-10-18,21,4
2023-06-02,18,4
2023-08-05,20,4
2023-10-24,16,4
2023-06-02,13,4
2023-07-30,21,4
2023-04-27,14,4
2023-04-30,16,4
2022-11-07,19,4
2023-07-27,16,4
2022-05-29,20,4
2022-11-19,17,4
2023-02-15,13,4
2022-11-13,8,4
2023-09-27,11,4
2021-01-19,19,4
2022-11-12,21,4
2023-08-17,11,4
2023-01-31,8,4
2023-09-21,20,4
2021-01-19,15,4
2022-11-17,9,4
2022-05-22,10,4
2020-12-14,15,4
2022-05-22,9,4
2023-07-24,20,4
2022-06-13,16,4
2023-10-02,6,4
2023-08-19,22,4
2023-09-27,12,4
2023-02-24,10,4
2022-05-27,15,4
2023-08-21,8,4
2023-08-21,7,4
2023-09-23,14,4
2022-06-05,16,4
2022-05-26,10,4
2021-01-14,10,4
2022-05-31,22,4
2021-01-12,21,4
2022-05-30,22,4
2022-11-13,18,4
2021-01-17,16,4
2023-08-22,6,4
2021-01-17,21,4
2022-11-16,16,4
2023-09-28,11,4
2021-01-12,9,4
2021-01-21,10,4
2023-06-25,18,4
2022-05-25,11,4
2023-07-25,8,4
2023-07-23,9,4
2023-03-08,13,4
2022-11-21,5,4
2023-01-26,17,4
2023-03-08,8,4
2023-09-20,18,4
2022-11-11,17,4
2022-05-21,19,4
2022-06-18,21,4
2021-01-24,2,4
2022-11-18,11,4
2023-01-26,11,4
2021-01-10,21,4
2022-11-17,12,4
2023-08-16,8,4
2021-01-24,1,4
2021-01-22,21,4
2021-01-09,8,4
2022-11-20,7,4
2022-06-15,15,4
2023-02-28,18,4
2022-05-29,8,4
2022-05-28,16,4
2023-01-19,6,4
2022-11-20,8,4
2023-07-23,10,4
2023-08-19,17,4
2020-12-06,16,4
2022-09-22,11,3
2022-10-18,19,3
2022-10-19,10,3
2022-09-12,19,3
2022-12-02,17,3
2022-05-28,21,3
2022-11-22,14,3
2022-09-15,17,3
2022-09-20,11,3
2022-05-28,0,3
2022-11-18,16,3
2023-08-06,15,3
2022-11-23,5,3
2023-08-06,20,3
2022-04-26,9,3
2022-04-26,10,3
2022-09-15,11,3
2023-07-29,22,3
2023-08-07,10,3
2022-10-21,11,3
2022-09-23,7,3
2022-10-22,17,3
2023-07-23,7,3
2022-04-24,12,3
2022-10-17,23,3
2022-11-21,16,3
2022-11-19,20,3
2022-10-02,3,3
2023-07-31,13,3
2023-07-18,7,3
2022-10-14,13,3
2023-08-03,1,3
2022-05-19,11,3
2021-04-10,16,3
2023-08-02,19,3
2023-08-02,16,3
2022-05-20,20,3
2022-05-25,8,3
2023-08-29,12,3
2022-05-19,22,3
2022-05-20,18,3
2023-07-31,20,3
2023-08-02,7,3
2023-08-01,20,3
2022-10-11,16,3
2022-10-12,18,3
2022-05-20,11,3
2023-08-01,10,3
2021-04-11,17,3
2021-04-12,8,3
2022-11-19,16,3
2022-09-29,18,3
2023-07-31,3,3
2022-09-26,8,3
2023-08-21,23,3
2022-11-19,11,3
2023-08-23,20,3
2022-11-22,12,3
2022-05-24,10,3
2022-10-16,17,3
2022-12-03,18,3
2022-10-16,9,3
2022-09-28,6,3
2022-04-27,18,3
2023-08-04,15,3
2021-04-12,12,3
2021-04-12,11,3
2022-11-22,10,3
2022-05-23,20,3
2022-10-15,19,3
2023-08-04,10,3
2022-10-15,12,3
2022-05-23,16,3
2023-08-08,1,3
2023-08-26,9,3
2023-08-24,7,3
2022-07-09,19,3
2022-05-04,5,3
2023-08-25,11,3
2022-06-30,11,3
2022-07-01,23,3
2023-08-27,10,3
2022-06-11,23,3
2022-07-03,23,3
2022-06-11,20,3
2022-06-10,23,3
2022-11-12,20,3
2023-07-19,16,3
2022-06-09,18,3
2023-08-11,10,3
2022-05-02,10,3
2022-11-01,9,3
2023-07-24,8,3
2022-06-09,16,3
2022-07-11,17,3
2022-10-30,22,3
2022-06-09,8,3
2022-07-13,19,3
2023-08-17,17,3
2023-08-11,13,3
2022-05-01,20,3
2022-11-30,10,3
2023-07-26,11,3
2023-07-26,10,3
2023-08-16,10,3
2022-11-09,23,3
2023-07-25,13,3
2023-07-25,14,3
2023-08-16,5,3
2022-06-21,8,3
2022-11-08,13,3
2023-08-15,9,3
2022-06-22,16,3
2022-11-07,12,3
2023-07-20,9,3
2023-08-26,3,3
2023-08-14,18,3
2022-06-19,11,3
2022-11-29,5,3
2023-08-16,7,3
2022-11-29,6,3
2023-07-20,14,3
2023-08-14,10,3
2022-05-05,13,3
2023-08-25,17,3
2023-08-26,18,3
2023-08-26,19,3
2022-05-04,17,3
2023-08-11,11,3
2022-10-30,17,3
2022-11-18,9,3
2022-05-30,10,3
2023-07-29,7,3
2022-10-26,0,3
2022-10-25,23,3
2022-05-12,14,3
2022-04-28,20,3
2022-04-28,19,3
2023-08-09,9,3
2023-08-09,5,3
2022-04-28,17,3
2022-05-30,11,3
2022-09-05,21,3
2023-08-28,16,3
2022-10-30,16,3
2023-07-25,11,3
2023-07-19,7,3
2022-11-23,21,3
2023-07-29,10,3
2022-11-23,18,3
2023-08-08,8,3
2023-07-29,12,3
2022-11-17,20,3
2023-07-29,18,3
2023-07-21,17,3
2022-11-18,8,3
2022-10-26,14,3
2022-10-27,11,3
2022-04-29,18,3
2022-06-01,16,3
2022-06-08,11,3
2022-07-24,13,3
2023-08-11,7,3
2023-08-27,19,3
2023-07-23,17,3
2022-05-11,22,3
2022-11-24,12,3
2023-07-28,7,3
2022-06-05,17,3
2023-07-19,14,3
2023-07-21,13,3
2023-07-28,8,3
2022-04-30,21,3
2023-08-18,8,3
2022-05-12,11,3
2022-08-01,9,3
2023-07-28,12,3
2023-07-28,14,3
2022-08-10,15,3
2022-04-30,16,3
2022-11-15,10,3
2023-08-18,19,3
2022-08-10,22,3
2023-08-18,10,3
2022-12-05,9,3
2020-12-30,5,3
2020-09-28,6,3
2021-01-15,9,3
2023-01-24,21,3
2021-01-15,11,3
2020-10-08,22,3
2020-10-08,15,3
2023-09-23,11,3
2023-01-24,10,3
2023-04-07,13,3
2020-09-30,17,3
2023-01-22,12,3
2023-10-16,3,3
2021-01-18,9,3
2023-04-08,18,3
2020-09-26,22,3
2021-01-18,16,3
2021-01-18,17,3
2023-10-17,8,3
2023-07-01,17,3
2023-01-21,12,3
2023-06-06,9,3
2021-01-15,8,3
2020-10-13,11,3
2023-06-29,6,3
2021-01-09,14,3
2023-01-29,5,3
2023-01-28,21,3
2023-10-14,5,3
2023-01-28,15,3
2023-04-05,10,3
2023-01-28,11,3
2021-01-08,19,3
2023-06-30,11,3
2020-10-16,5,3
2023-06-07,13,3
2021-01-13,19,3
2021-01-11,9,3
2023-04-06,5,3
2021-01-11,12,3
2021-01-11,20,3
2021-01-11,21,3
2023-09-24,9,3
2023-06-30,15,3
2023-01-25,11,3
2021-01-13,9,3
2021-01-22,0,3
2023-01-20,9,3
2020-09-16,7,3
2021-02-05,22,3
2021-02-02,16,3
2023-06-05,7,3
2023-07-03,17,3
2023-01-15,7,3
2023-09-16,22,3
2023-01-14,16,3
2021-02-05,12,3
2023-09-16,19,3
2021-02-05,18,3
2023-07-04,18,3
2023-01-19,15,3
2023-06-05,5,3
2023-09-16,7,3
2023-04-15,16,3
2023-01-12,10,3
2021-02-08,18,3
2023-01-12,8,3
2021-02-09,16,3
2023-09-15,11,3
2020-08-24,8,3
2021-02-02,15,3
2021-02-01,23,3
2023-07-03,14,3
2023-04-13,18,3
2023-01-19,11,3
2023-06-05,19,3
2021-01-25,15,3
2023-07-02,15,3
2020-09-07,22,3
2023-01-18,16,3
2023-01-18,6,3
2020-09-04,19,3
2021-01-29,18,3
2021-01-30,11,3
2023-09-19,12,3
2021-01-30,20,3
2021-01-31,8,3
2020-09-04,17,3
2023-09-19,8,3
2021-02-01,12,3
2023-04-12,19,3
2023-10-07,19,3
2023-09-18,19,3
2023-01-29,17,3
2023-09-27,9,3
2023-01-10,16,3
2023-06-23,15,3
2020-11-27,18,3
2023-03-09,13,3
2020-11-05,11,3
2023-10-04,12,3
2023-06-22,6,3
2023-03-24,9,3
2020-12-03,18,3
2023-06-16,19,3
2020-12-06,17,3
2023-03-25,15,3
2020-11-26,17,3
2020-12-07,5,3
2023-06-23,17,3
2023-02-27,13,3
2020-11-01,10,3
2020-10-31,14,3
2023-10-10,21,3
2020-12-11,14,3
2020-12-12,6,3
2023-06-26,5,3
2023-03-09,19,3
2020-11-06,17,3
2023-10-13,13,3
2020-11-17,21,3
2020-11-13,13,3
2020-11-14,16,3
2023-03-19,13,3
2023-03-15,11,3
2023-10-07,9,3
2020-11-16,5,3
2020-11-16,6,3
2023-03-19,14,3
2023-10-06,20,3
2023-10-09,4,3
2023-06-21,8,3
2023-10-06,14,3
2023-10-06,12,3
2023-10-09,8,3
2023-10-06,5,3
2023-10-06,4,3
2020-11-22,15,3
2020-11-07,20,3
2020-11-23,14,3
2020-11-07,14,3
2023-10-11,7,3
2020-12-16,8,3
2023-06-26,16,3
2020-10-22,15,3
2020-12-28,19,3
2020-10-27,11,3
2023-06-28,3,3
2023-02-07,17,3
2023-10-12,19,3
2023-07-17,18,3
2020-10-25,13,3
2023-06-08,22,3
2023-10-13,3,3
2020-12-30,17,3
2023-03-26,18,3
2023-02-05,6,3
2023-02-03,9,3
2023-02-02,20,3
2023-02-02,16,3
2021-01-02,7,3
2023-06-08,12,3
2021-01-02,11,3
2023-10-13,9,3
2023-04-04,6,3
2023-02-11,12,3
2020-10-28,13,3
2023-06-10,8,3
2023-02-12,11,3
2023-03-26,21,3
2020-12-19,8,3
2020-12-19,9,3
2023-03-27,13,3
2020-12-19,12,3
2020-12-19,13,3
2023-09-30,17,3
2023-02-18,5,3
2023-09-30,12,3
2020-10-29,19,3
2023-09-30,10,3
2020-10-29,13,3
2023-03-28,20,3
2020-12-26,10,3
2023-06-27,16,3
2023-09-30,5,3
2020-12-26,18,3
2020-12-26,20,3
2020-12-27,7,3
2021-02-11,18,3
2023-04-13,8,3
2021-02-12,9,3
2021-03-26,14,3
2021-03-17,20,3
2021-03-18,7,3
2021-03-18,8,3
2022-12-22,11,3
2020-07-10,11,3
2023-07-11,19,3
2020-07-09,21,3
2023-05-29,6,3
2023-10-28,22,3
2023-09-03,13,3
2021-03-19,18,3
2023-07-12,11,3
2023-09-03,10,3
2022-12-18,19,3
2023-09-03,3,3
2021-03-23,17,3
2023-09-02,16,3
2021-03-24,7,3
2021-03-24,9,3
2022-12-17,9,3
2023-05-05,10,3
2022-12-22,14,3
2023-09-03,22,3
2023-07-11,12,3
2021-03-12,21,3
2023-09-07,13,3
2020-07-18,22,3
2023-05-29,20,3
2020-07-16,17,3
2023-05-04,7,3
2023-07-10,11,3
2023-05-29,14,3
2021-03-11,20,3
2020-07-12,14,3
2021-03-13,0,3
2023-09-04,3,3
2023-10-28,11,3
2023-05-04,13,3
2023-09-04,14,3
2021-03-13,22,3
2021-03-14,8,3
2022-12-24,18,3
2021-03-14,20,3
2023-07-11,11,3
2022-12-24,10,3
2023-07-14,12,3
2022-12-14,15,3
2023-07-09,10,3
2021-03-27,9,3
2021-04-01,19,3
2023-08-31,1,3
2023-10-31,13,3
2021-04-02,12,3
2023-08-30,19,3
2021-04-02,20,3
2020-06-16,8,3
2023-07-16,17,3
2022-12-07,15,3
2021-04-04,21,3
2023-08-30,14,3
2022-12-07,8,3
2020-06-09,19,3
2022-12-07,6,3
2023-07-17,7,3
2023-05-20,10,3
2023-11-01,16,3
2023-05-20,9,3
2023-08-29,18,3
2021-04-09,9,3
2022-12-05,12,3
2021-03-31,19,3
2023-05-09,7,3
2022-12-10,15,3
2023-07-15,5,3
2020-07-06,14,3
2023-05-06,11,3
2021-03-27,12,3
2021-03-27,13,3
2021-03-27,15,3
2023-05-28,8,3
2022-12-13,19,3
2022-12-13,9,3
2023-05-06,16,3
2021-03-28,12,3
2021-03-30,18,3
2020-07-05,9,3
2020-07-04,20,3
2023-05-08,9,3
2021-03-29,7,3
2021-03-29,8,3
2020-07-04,10,3
2021-03-29,13,3
2021-03-29,22,3
2020-07-04,9,3
2022-12-30,13,3
2020-07-10,14,3
2021-02-22,15,3
2021-02-23,18,3
2023-07-07,11,3
2023-09-11,11,3
2021-02-21,12,3
2023-09-07,20,3
2023-04-26,7,3
2021-02-23,14,3
2021-02-23,19,3
2023-07-08,19,3
2023-06-01,17,3
2023-01-04,17,3
2023-01-04,15,3
2023-01-04,13,3
2023-09-09,22,3
2023-10-25,14,3
2023-10-24,5,3
2023-01-07,15,3
2023-04-22,23,3
2023-01-08,11,3
2023-06-03,13,3
2023-04-21,10,3
2023-01-09,11,3
2023-06-03,14,3
2023-06-04,2,3
2021-02-15,15,3
2021-02-15,14,3
2021-02-14,18,3
2023-07-06,11,3
2023-04-20,15,3
2021-02-14,0,3
2021-02-13,15,3
2021-02-12,12,3
2021-03-01,21,3
2023-06-20,9,3
2020-07-19,8,3
2023-10-27,9,3
2023-07-09,5,3
2021-03-04,7,3
2020-07-21,20,3
2023-05-02,16,3
2023-07-09,8,3
2023-05-01,16,3
2023-09-07,21,3
2023-09-09,18,3
2023-06-05,6,2
2023-03-23,19,2
2023-05-27,13,2
2023-03-23,17,2
2022-10-20,21,2
2023-06-17,19,2
2022-10-15,18,2
2023-05-29,17,2
2023-04-07,11,2
2023-06-18,2,2
2023-04-07,12,2
2023-06-03,6,2
2022-11-02,7,2
2023-06-16,20,2
2023-04-14,11,2
2023-05-08,18,2
2023-03-25,7,2
2023-03-25,13,2
2023-05-03,15,2
2022-10-22,12,2
2022-11-01,15,2
2023-04-22,15,2
2023-07-27,22,2
2023-07-30,15,2
2023-06-03,5,2
2023-03-23,12,2
2023-06-04,7,2
2023-05-26,10,2
2023-06-19,17,2
2022-10-20,9,2
2023-03-19,8,2
2023-05-19,8,2
2023-04-19,10,2
2023-06-04,6,2
2023-04-06,7,2
2023-04-19,6,2
2023-07-26,17,2
2023-04-20,8,2
2022-10-25,19,2
2023-05-17,5,2
2023-03-19,17,2
2023-06-04,3,2
2023-04-15,18,2
2023-03-23,11,2
2023-03-19,21,2
2023-08-01,7,2
2023-03-20,12,2
2023-05-15,6,2
2023-06-19,14,2
2023-07-26,21,2
2023-04-06,6,2
2023-03-20,21,2
2023-07-27,7,2
2023-03-22,16,2
2023-05-25,7,2
2023-03-23,8,2
2023-04-14,8,2
2023-04-22,22,2
2023-05-04,9,2
2023-06-11,10,2
2023-03-26,9,2
2023-05-02,9,2
2022-10-23,18,2
2023-05-04,19,2
2023-04-10,14,2
2022-10-15,8,2
2023-03-29,10,2
2022-10-23,19,2
2023-04-04,18,2
2023-03-29,20,2
2023-06-09,12,2
2023-04-04,17,2
2023-04-10,11,2
2023-03-31,18,2
2023-07-29,0,2
2023-06-01,15,2
2023-06-08,18,2
2023-05-04,15,2
2023-06-01,14,2
2023-04-03,12,2
2022-10-27,14,2
2023-05-01,12,2
2023-04-28,10,2
2023-04-09,11,2
2023-06-06,14,2
2022-10-16,18,2
2023-04-09,2,2
2023-04-30,15,2
2023-06-08,2,2
2022-10-25,9,2
2022-10-30,9,2
2023-05-29,5,2
2023-06-05,17,2
2023-05-29,9,2
2023-07-28,20,2
2023-06-05,8,2
2023-04-24,8,2
2023-05-06,17,2
2023-05-03,8,2
2023-04-07,15,2
2023-06-11,9,2
2023-04-25,3,2
2023-03-26,15,2
2023-04-12,12,2
2023-04-25,4,2
2023-04-05,14,2
2023-05-06,12,2
2022-10-18,13,2
2023-05-05,9,2
2023-04-25,6,2
2023-06-06,19,2
2023-07-30,20,2
2023-05-05,16,2
2023-04-26,6,2
2023-05-29,3,2
2023-03-27,18,2
2023-07-31,8,2
2023-03-28,13,2
2023-04-11,13,2
2022-10-23,17,2
2023-04-05,5,2
2023-04-11,1,2
2023-06-07,7,2
2022-12-05,8,2
2022-11-06,6,2
2023-01-05,20,2
2023-07-06,13,2
2022-11-25,18,2
2023-07-07,2,2
2023-07-07,6,2
2023-01-07,20,2
2023-07-07,7,2
2022-11-26,18,2
2023-07-20,15,2
2023-01-07,6,2
2023-01-06,20,2
2023-07-07,12,2
2023-07-08,2,2
2022-11-28,12,2
2023-03-16,7,2
2023-01-05,19,2
2023-01-05,16,2
2023-07-08,12,2
2023-01-03,10,2
2023-07-08,18,2
2023-01-03,7,2
2022-11-29,9,2
2023-01-03,5,2
2022-11-29,12,2
2023-07-08,20,2
2022-11-29,14,2
2023-07-09,2,2
2023-01-09,8,2
2022-11-25,4,2
2023-07-21,10,2
2023-01-10,6,2
2022-11-21,14,2
2023-01-17,21,2
2023-07-03,11,2
2022-11-22,6,2
2022-11-22,7,2
2022-11-22,8,2
2023-01-17,8,2
2022-11-22,9,2
2023-07-03,15,2
2023-01-16,10,2
2023-07-03,19,2
2023-01-14,20,2
2022-11-23,4,2
2023-01-14,13,2
2022-11-23,7,2
2023-01-12,12,2
2023-07-21,18,2
2023-01-12,7,2
2023-01-11,18,2
2022-11-24,8,2
2023-01-11,9,2
2023-01-11,8,2
2023-07-05,16,2
2023-07-21,14,2
2023-07-05,18,2
2023-01-02,10,2
2022-11-29,15,2
2022-11-29,16,2
2023-07-14,17,2
2022-12-14,8,2
2022-12-03,7,2
2022-12-03,9,2
2022-12-13,8,2
2023-07-15,6,2
2022-12-12,10,2
2022-12-12,8,2
2022-12-11,10,2
2023-07-15,18,2
2023-07-15,20,2
2022-12-10,16,2
2022-12-10,9,2
2023-07-16,5,2
2023-07-16,8,2
2022-12-08,9,2
2023-07-18,8,2
2022-12-07,13,2
2023-07-16,18,2
2023-07-16,19,2
2022-12-07,7,2
2022-12-04,17,2
2022-12-06,19,2
2022-12-06,17,2
2023-07-17,11,2
2022-12-05,13,2
2022-12-02,18,2
2023-07-14,13,2
2023-01-01,21,2
2023-07-14,7,2
2023-01-01,17,2
2023-01-01,15,2
2023-01-01,10,2
2022-11-30,13,2
2022-12-30,7,2
2022-12-29,20,2
2023-07-09,17,2
2022-12-28,16,2
2022-11-30,17,2
2022-12-28,11,2
2022-12-28,10,2
2022-12-27,11,2
2022-12-26,10,2
2023-07-10,17,2
2022-12-25,18,2
2022-12-01,10,2
2022-12-01,15,2
2022-12-01,17,2
2022-12-19,9,2
2023-07-19,8,2
2022-12-19,8,2
2022-12-18,13,2
2023-07-13,9,2
2023-07-19,2,2
2022-12-17,11,2
2023-07-22,6,2
2023-01-18,9,2
2023-01-18,15,2
2023-03-06,11,2
2023-06-22,17,2
2023-03-02,12,2
2023-03-02,5,2
2022-11-10,19,2
2022-11-10,21,2
2022-11-11,11,2
2023-02-27,9,2
2022-11-11,16,2
2023-06-24,13,2
2023-06-24,14,2
2023-06-25,9,2
2022-11-12,8,2
2022-11-12,9,2
2023-06-26,8,2
2023-06-26,17,2
2022-11-12,11,2
2023-07-24,14,2
2023-02-16,15,2
2023-07-24,12,2
2023-06-27,6,2
2023-06-27,9,2
2023-02-15,15,2
2023-02-12,14,2
2023-02-11,13,2
2022-11-13,17,2
2023-06-22,14,2
2023-06-22,7,2
2023-06-28,1,2
2023-03-09,12,2
2023-03-15,16,2
2023-03-15,14,2
2023-03-14,18,2
2023-03-14,14,2
2023-07-26,7,2
2022-11-06,21,2
2023-03-14,13,2
2023-07-26,6,2
2023-06-20,16,2
2022-11-07,15,2
2022-11-07,16,2
2023-03-13,13,2
2023-03-13,12,2
2023-03-13,11,2
2023-06-20,21,2
2022-11-08,6,2
2023-03-12,15,2
2023-06-21,6,2
2023-03-11,20,2
2023-07-25,17,2
2023-03-11,14,2
2023-06-21,11,2
2023-03-10,12,2
2023-06-21,12,2
2023-06-21,15,2
2023-07-23,20,2
2022-11-14,18,2
2022-11-21,6,2
2022-11-18,19,2
2023-01-24,22,2
2022-11-19,5,2
2023-01-24,20,2
2022-11-19,9,2
2023-01-24,19,2
2023-01-24,16,2
2023-01-24,9,2
2023-01-24,8,2
2023-01-24,5,2
2023-01-22,18,2
2023-07-01,9,2
2023-07-01,10,2
2022-11-19,12,2
2023-01-21,19,2
2023-01-21,16,2
2023-07-22,19,2
2023-01-20,17,2
2023-01-20,13,2
2022-11-20,6,2
2023-07-02,13,2
2023-01-19,12,2
2023-07-02,14,2
2023-01-18,19,2
2022-11-20,17,2
2023-01-18,17,2
2023-01-25,7,2
2023-01-25,8,2
2022-11-14,19,2
2023-01-25,9,2
2023-02-06,19,2
2023-07-23,16,2
2023-02-06,18,2
2023-06-28,4,2
2022-11-15,18,2
2022-11-16,10,2
2023-06-28,6,2
2023-02-04,20,2
2023-06-28,18,2
2023-06-29,2,2
2023-07-23,11,2
2023-02-01,13,2
2023-06-29,4,2
2023-01-31,9,2
2023-01-30,21,2
2023-01-29,13,2
2023-01-29,12,2
2023-06-29,17,2
2023-06-29,18,2
2023-01-28,13,2
2023-07-23,8,2
2023-01-27,10,2
2023-01-26,20,2
2023-01-26,15,2
2022-11-18,13,2
2023-07-10,14,2
2022-06-09,21,2
2023-05-19,9,2
2023-09-07,23,2
2023-09-06,22,2
2020-10-16,7,2
2023-10-14,19,2
2023-10-14,17,2
2021-03-07,19,2
2020-10-17,19,2
2020-10-18,4,2
2023-09-07,22,2
2020-10-18,11,2
2021-03-03,5,2
2023-09-08,20,2
2023-09-09,20,2
2021-03-05,10,2
2021-03-05,8,2
2021-03-04,18,2
2020-10-18,21,2
2021-03-04,9,2
2021-03-03,20,2
2023-10-15,3,2
2023-10-15,4,2
2020-10-14,17,2
2021-03-12,10,2
2023-09-03,17,2
2021-03-18,9,2
2021-03-17,22,2
2023-09-03,21,2
2023-09-04,2,2
2021-03-14,19,2
2023-09-04,12,2
2023-09-04,20,2
2020-10-13,8,2
2023-10-15,20,2
2021-03-13,15,2
2023-09-06,3,2
2020-10-13,16,2
2020-10-13,17,2
2021-03-12,22,2
2020-10-13,19,2
2023-09-06,13,2
2021-03-03,14,2
2021-03-01,20,2
2022-04-26,22,2
2021-02-15,13,2
2021-02-18,14,2
2020-10-28,7,2
2020-10-28,12,2
2023-09-12,20,2
2021-02-16,15,2
2023-09-13,7,2
2021-02-16,10,2
2023-10-12,4,2
2021-02-14,22,2
2021-02-28,20,2
2021-02-14,17,2
2020-10-29,9,2
2021-02-14,16,2
2021-02-14,13,2
2021-02-12,14,2
2021-02-12,8,2
2020-10-29,15,2
2020-10-29,21,2
2023-10-12,8,2
2023-09-11,22,2
2020-10-25,14,2
2023-09-11,12,2
2023-10-13,18,2
2020-10-19,15,2
2023-09-10,18,2
2021-02-25,12,2
2020-10-20,5,2
2021-02-24,13,2
2020-10-21,18,2
2020-10-22,7,2
2021-02-23,23,2
2021-02-23,12,2
2020-10-22,10,2
2021-02-22,12,2
2020-10-23,20,2
2023-09-11,8,2
2020-10-24,7,2
2021-02-20,20,2
2021-02-20,11,2
2020-10-10,21,2
2023-10-16,7,2
2023-09-03,16,2
2023-08-30,15,2
2021-04-07,13,2
2021-04-06,23,2
2023-08-30,7,2
2021-04-06,17,2
2021-04-05,15,2
2021-04-05,8,2
2021-04-05,7,2
2021-04-04,18,2
2021-04-04,8,2
2021-03-19,7,2
2023-08-30,17,2
2020-09-12,9,2
2023-10-18,7,2
2021-04-02,16,2
2020-09-17,18,2
2020-09-19,9,2
2023-08-31,6,2
2021-03-31,20,2
2021-04-07,17,2
2023-08-30,3,2
2023-08-30,2,2
2021-04-08,10,2
2022-04-26,18,2
2022-04-26,14,2
2022-04-25,16,2
2022-04-24,20,2
2021-04-11,23,2
2021-04-11,15,2
2021-04-11,11,2
2021-04-10,23,2
2023-08-29,11,2
2021-04-10,20,2
2021-04-10,14,2
2020-09-10,12,2
2023-10-18,8,2
2020-09-11,20,2
2021-04-09,19,2
2023-08-29,17,2
2021-04-08,15,2
2021-03-31,16,2
2021-03-31,11,2
2021-03-30,0,2
2021-03-26,15,2
2020-09-29,14,2
2021-03-25,21,2
2020-09-29,15,2
2021-03-25,19,2
2021-03-24,20,2
2023-09-02,13,2
2021-03-24,15,2
2023-10-16,15,2
2021-03-23,16,2
2023-09-02,20,2
2023-09-02,22,2
2021-03-22,16,2
2021-03-21,16,2
2020-10-02,12,2
2020-10-05,16,2
2023-10-16,10,2
2020-10-07,5,2
2021-03-26,12,2
2023-09-01,21,2
2021-03-29,16,2
2021-03-26,20,2
2020-09-19,11,2
2021-03-29,9,2
2021-03-29,6,2
2021-03-28,21,2
2023-08-31,17,2
2021-03-28,19,2
2021-03-28,18,2
2023-08-31,21,2
2020-09-27,6,2
2021-03-28,13,2
2023-08-31,22,2
2021-03-28,10,2
2023-09-01,10,2
2023-09-01,11,2
2021-03-27,11,2
2023-10-16,16,2
2021-03-26,22,2
2021-02-11,19,2
2023-10-11,15,2
2023-09-14,15,2
2020-12-30,7,2
2020-12-31,10,2
2023-10-07,12,2
2020-12-31,7,2
2023-09-28,12,2
2020-12-30,20,2
2020-12-30,19,2
2023-09-28,17,2
2020-12-30,8,2
2020-12-29,21,2
2023-09-24,18,2
2020-12-29,16,2
2020-12-29,12,2
2020-12-28,20,2
2023-09-28,19,2
2023-09-29,6,2
2020-11-15,19,2
2020-12-27,15,2
2020-11-16,9,2
2020-11-15,5,2
2020-12-31,18,2
2023-09-28,9,2
2021-01-01,18,2
2023-10-08,7,2
2023-09-24,19,2
2020-11-13,12,2
2021-01-08,10,2
2021-01-08,9,2
2023-09-26,11,2
2021-01-06,20,2
2020-11-14,6,2
2021-01-06,14,2
2021-01-06,12,2
2021-01-06,10,2
2023-09-26,18,2
2023-10-07,18,2
2023-09-27,5,2
2021-01-03,9,2
2021-01-02,14,2
2023-09-28,3,2
2020-12-27,9,2
2023-09-30,6,2
2020-11-18,8,2
2020-11-24,6,2
2020-12-10,14,2
2020-12-10,4,2
2023-10-02,12,2
2020-11-25,19,2
2020-12-09,3,2
2020-11-25,21,2
2023-10-02,17,2
2020-12-07,8,2
2020-12-06,15,2
2020-12-06,11,2
2020-12-04,15,2
2023-10-03,7,2
2023-10-04,16,2
2020-12-04,9,2
2020-12-04,8,2
2023-10-03,11,2
2020-12-02,16,2
2023-10-02,10,2
2020-11-23,19,2
2023-09-30,7,2
2020-12-11,1,2
2020-12-25,9,2
2020-11-18,21,2
2020-12-23,16,2
2023-09-30,8,2
2023-09-30,11,2
2023-09-30,16,2
2020-11-20,11,2
2020-12-21,4,2
2023-09-30,20,2
2020-12-17,17,2
2020-11-21,10,2
2023-10-05,19,2
2023-10-05,18,2
2023-10-05,16,2
2020-12-12,20,2
2020-11-23,9,2
2023-10-02,7,2
2021-01-08,22,2
2023-09-24,17,2
2021-02-10,18,2
2021-01-28,19,2
2023-10-10,12,2
2021-02-02,20,2
2021-02-02,11,2
2021-02-01,22,2
2023-09-18,12,2
2021-01-31,10,2
2023-09-19,13,2
2021-01-29,9,2
2021-01-28,17,2
2023-09-24,16,2
2021-01-28,14,2
2021-01-28,11,2
2020-11-05,5,2
2023-09-20,15,2
2021-01-27,22,2
2020-11-05,9,2
2023-09-20,17,2
2023-09-20,19,2
2023-10-10,15,2
2020-11-01,20,2
2020-11-01,15,2
2021-02-03,15,2
2022-10-12,7,2
2021-02-09,22,2
2021-02-09,15,2
2023-10-11,14,2
2020-10-30,15,2
2021-02-08,13,2
2023-10-11,11,2
2021-02-07,19,2
2023-09-15,23,2
2021-02-06,22,2
2020-10-31,6,2
2023-09-16,14,2
2021-02-06,10,2
2021-02-06,0,2
2021-02-05,11,2
2020-10-31,16,2
2023-09-17,8,2
2021-01-24,22,2
2021-01-24,18,2
2020-11-05,12,2
2023-09-22,14,2
2020-11-09,3,2
2023-09-23,6,2
2023-10-09,7,2
2023-09-23,9,2
2021-01-15,15,2
2023-09-23,16,2
2023-09-24,3,2
2020-11-10,22,2
2023-09-24,7,2
2021-01-14,9,2
2023-09-24,8,2
2021-01-12,22,2
2021-01-12,20,2
2021-01-12,7,2
2023-09-24,10,2
2021-01-10,14,2
2021-01-10,8,2
2020-11-08,15,2
2021-01-17,15,2
2021-01-23,22,2
2023-09-22,7,2
2021-01-23,11,2
2020-11-06,5,2
2021-01-22,23,2
2023-09-21,7,2
2023-09-21,9,2
2023-10-09,18,2
2020-11-07,17,2
2021-01-20,18,2
2020-11-08,9,2
2023-09-21,21,2
2023-09-21,23,2
2023-09-22,0,2
2021-01-19,12,2
2021-01-19,10,2
2021-01-18,13,2
2021-01-17,23,2
2021-01-17,22,2
2023-08-29,3,2
2020-09-18,6,2
2022-04-26,23,2
2022-06-23,0,2
2020-07-21,12,2
2022-06-21,14,2
2023-10-26,8,2
2022-06-20,22,2
2023-08-15,15,2
2020-07-24,0,2
2022-06-20,19,2
2022-06-20,18,2
2020-07-24,10,2
2023-08-15,19,2
2022-06-18,10,2
2022-06-17,11,2
2023-08-16,11,2
2022-06-16,16,2
2023-10-25,20,2
2023-08-15,8,2
2022-06-23,11,2
2020-08-07,18,2
2023-08-15,3,2
2023-08-12,11,2
2022-07-06,0,2
2020-07-11,15,2
2023-08-13,9,2
2020-07-12,23,2
2020-07-14,15,2
2020-07-17,12,2
2020-07-20,9,2
2023-08-13,20,2
2023-08-14,6,2
2022-06-26,4,2
2020-07-20,10,2
2022-06-24,20,2
2023-08-14,13,2
2022-06-24,7,2
2022-06-16,13,2
2023-08-16,13,2
2023-08-16,19,2
2020-07-24,13,2
2022-05-31,17,2
2023-08-19,7,2
2022-05-30,19,2
2022-05-29,21,2
2022-05-29,16,2
2022-05-29,15,2
2023-08-19,14,2
2022-05-29,2,2
2022-05-29,1,2
2022-05-29,0,2
2022-05-28,17,2
2022-05-28,10,2
2023-08-19,23,2
2020-08-07,12,2
2022-05-27,11,2
2023-08-18,20,2
2020-07-26,19,2
2023-10-25,9,2
2023-05-20,8,2
2022-06-13,8,2
2022-06-12,16,2
2022-06-12,8,2
2022-06-11,22,2
2022-06-10,21,2
2023-08-17,12,2
2022-06-09,20,2
2022-06-04,19,2
2023-10-25,12,2
2023-08-17,15,2
2022-06-08,19,2
2023-08-18,6,2
2020-07-25,15,2
2022-06-05,14,2
2023-10-28,12,2
2023-10-28,14,2
2023-08-12,2,2
2022-09-14,19,2
2022-09-23,13,2
2020-06-12,11,2
2023-08-06,2,2
2023-08-06,10,2
2022-09-21,12,2
2022-09-20,19,2
2022-09-20,13,2
2020-06-13,21,2
2022-09-19,13,2
2023-08-07,0,2
2022-09-16,5,2
2023-08-07,8,2
2020-06-15,16,2
2022-09-15,16,2
2023-08-07,9,2
2022-09-24,9,2
2023-08-05,3,2
2022-09-26,13,2
2022-10-03,6,2
2023-08-02,0,2
2022-10-10,10,2
2023-11-02,6,2
2023-08-02,11,2
2023-11-02,4,2
2023-11-01,12,2
2023-08-03,11,2
2022-09-26,17,2
2023-08-04,9,2
2022-09-28,22,2
2022-09-28,12,2
2022-09-28,5,2
2022-09-27,15,2
2023-08-04,16,2
2022-09-15,12,2
2023-08-07,12,2
2022-07-09,23,2
2023-08-07,17,2
2022-08-16,18,2
2020-07-06,13,2
2023-10-30,10,2
2020-07-07,7,2
2023-08-10,18,2
2023-10-30,4,2
2023-10-29,21,2
2022-07-28,16,2
2022-07-24,14,2
2020-07-07,22,2
2022-07-17,21,2
2022-07-14,1,2
2023-08-11,15,2
2020-07-08,9,2
2020-07-08,11,2
2023-08-10,6,2
2020-07-06,6,2
2022-08-20,13,2
2020-07-04,14,2
2022-09-12,10,2
2023-10-31,12,2
2022-09-11,15,2
2022-09-09,19,2
2022-09-09,18,2
2020-07-04,12,2
2022-09-06,19,2
2022-08-20,14,2
2022-09-06,15,2
2022-09-05,20,2
2023-08-09,3,2
2022-09-02,9,2
2023-08-09,15,2
2022-08-22,9,2
2022-05-27,10,2
2023-08-16,20,2
2022-05-26,0,2
2023-10-21,18,2
2022-05-12,9,2
2022-05-12,7,2
2023-10-21,20,2
2020-08-19,22,2
2022-05-11,12,2
2023-08-25,6,2
2022-05-25,19,2
2020-08-21,22,2
2023-08-23,10,2
2023-08-25,7,2
2023-08-25,10,2
2022-05-10,11,2
2022-05-09,20,2
2022-05-09,18,2
2023-08-25,19,2
2023-08-26,7,2
2023-08-24,18,2
2022-05-12,21,2
2020-08-18,20,2
2020-08-18,18,2
2022-05-18,1,2
2023-08-23,15,2
2022-05-17,19,2
2023-08-23,18,2
2022-05-16,22,2
2023-08-24,4,2
2022-05-15,13,2
2022-05-15,9,2
2022-05-14,21,2
2022-05-14,18,2
2022-05-14,13,2
2022-05-13,23,2
2022-05-13,14,2
2023-08-24,13,2
2022-05-13,7,2
2022-05-06,12,2
2020-08-26,20,2
2022-05-06,11,2
2022-05-02,7,2
2022-05-01,9,2
2023-08-27,21,2
2022-04-30,22,2
2023-08-28,1,2
2020-08-30,18,2
2020-08-31,8,2
2023-10-20,7,2
2023-10-20,3,2
2023-10-19,20,2
2022-04-28,7,2
2023-10-19,10,2
2022-04-28,2,2
2022-04-28,1,2
2020-09-06,9,2
2022-04-27,15,2
2022-05-01,23,2
2022-05-02,11,2
2023-10-21,7,2
2022-05-02,17,2
2022-05-05,11,2
2022-05-05,8,2
2020-08-28,9,2
2022-05-04,19,2
2023-08-27,6,2
2020-08-28,10,2
2023-10-20,22,2
2020-08-28,18,2
2022-05-04,6,2
2023-08-27,9,2
2022-05-03,13,2
2020-08-28,19,2
2023-08-27,12,2
2023-10-20,13,2
2023-08-27,17,2
2022-05-18,13,2
2020-08-19,23,2
2023-08-22,14,2
2022-05-19,13,2
2022-05-23,15,2
2022-05-23,14,2
2022-05-22,20,2
2023-08-22,21,2
2022-05-19,23,2
2022-05-20,7,2
2022-05-22,19,2
2022-05-23,18,2
2020-08-17,8,2
2023-08-22,9,2
2022-05-24,16,2
2022-05-20,8,2
2023-08-22,11,2
2022-05-19,16,2
2020-08-10,7,2
2023-08-23,9,2
2020-08-10,1,2
2022-05-18,16,2
2022-05-22,8,2
2022-05-22,16,2
2022-05-20,12,2
2022-05-25,15,2
2023-08-23,7,2
2020-08-10,17,2
2023-10-14,9,1
2023-06-06,4,1
2023-06-09,8,1
2023-05-27,8,1
2023-10-07,10,1
2023-05-27,9,1
2023-10-23,19,1
2023-05-27,11,1
2023-10-07,8,1
2023-06-07,18,1
2023-10-24,8,1
2023-06-09,14,1
2023-10-24,7,1
2023-10-17,15,1
2023-10-07,11,1
2023-10-12,17,1
2023-06-10,6,1
2023-06-06,10,1
2023-10-30,16,1
2023-10-30,17,1
2023-10-30,19,1
2023-10-21,5,1
2023-06-05,2,1
2023-10-31,4,1
2023-10-07,17,1
2023-10-24,19,1
2023-10-07,14,1
2023-10-24,11,1
2023-10-04,5,1
2023-05-28,6,1
2023-10-12,16,1
2023-10-31,5,1
2023-10-31,8,1
2023-05-28,5,1
2023-10-31,15,1
2023-06-07,16,1
2023-10-31,9,1
2023-10-07,7,1
2023-10-23,17,1
2023-06-08,21,1
2023-10-20,8,1
2023-11-01,10,1
2023-10-18,12,1
2023-05-23,19,1
2023-05-21,5,1
2023-05-20,16,1
2023-10-05,4,1
2023-10-05,3,1
2023-10-05,1,1
2023-10-19,8,1
2023-10-13,20,1
2023-06-22,4,1
2023-05-20,15,1
2023-11-01,13,1
2023-10-18,15,1
2023-06-05,13,1
2023-10-19,5,1
2023-06-05,14,1
2023-10-04,14,1
2023-06-22,5,1
2023-10-05,7,1
2023-10-23,8,1
2023-10-23,16,1
2023-10-13,6,1
2023-06-05,20,1
2023-10-13,4,1
2023-06-20,18,1
2023-10-06,10,1
2023-10-31,16,1
2023-10-08,4,1
2023-10-14,8,1
2023-05-26,8,1
2023-05-26,7,1
2023-10-05,13,1
2023-10-06,3,1
2023-11-01,4,1
2023-10-13,10,1
2023-05-25,6,1
2023-10-05,14,1
2023-06-03,4,1
2023-10-19,13,1
2023-10-18,11,1
2023-10-25,8,1
2023-10-16,4,1
2023-06-20,5,1
2023-05-31,18,1
2023-10-10,7,1
2023-10-26,16,1
2023-06-10,13,1
2023-06-16,22,1
2023-10-27,4,1
2023-06-10,12,1
2023-06-17,10,1
2023-10-27,7,1
2023-06-03,15,1
2023-05-30,5,1
2023-06-07,2,1
2023-10-10,6,1
2023-05-31,22,1
2023-10-22,7,1
2023-10-27,8,1
2023-10-27,14,1
2023-10-10,3,1
2023-10-09,20,1
2023-05-29,18,1
2023-10-27,19,1
2023-10-21,21,1
2023-06-16,11,1
2023-06-10,9,1
2023-10-11,13,1
2023-05-31,9,1
2023-10-11,10,1
2023-10-11,8,1
2023-05-31,8,1
2023-05-31,4,1
2023-10-10,19,1
2023-05-31,12,1
2023-06-10,21,1
2023-10-10,13,1
2023-06-11,12,1
2023-05-30,10,1
2023-06-15,21,1
2023-10-19,6,1
2023-10-26,14,1
2023-10-10,9,1
2023-10-10,8,1
2023-06-16,9,1
2023-05-30,13,1
2023-06-10,17,1
2023-06-07,5,1
2023-10-11,19,1
2023-10-28,4,1
2023-10-08,5,1
2023-06-04,13,1
2023-10-17,5,1
2023-10-17,10,1
2023-10-08,12,1
2023-05-29,2,1
2023-10-21,9,1
2023-10-08,11,1
2023-10-08,10,1
2023-10-12,7,1
2023-10-08,8,1
2023-05-28,10,1
2023-10-29,18,1
2023-06-04,16,1
2023-10-17,11,1
2023-10-30,11,1
2023-10-21,8,1
2023-10-16,5,1
2023-10-30,14,1
2023-06-19,20,1
2023-06-07,15,1
2023-06-20,2,1
2023-10-09,3,1
2023-06-03,9,1
2023-10-28,6,1
2023-06-18,16,1
2023-10-22,8,1
2023-10-28,10,1
2023-06-06,16,1
2023-10-25,11,1
2023-06-06,15,1
2023-06-18,8,1
2023-10-11,20,1
2023-10-28,21,1
2023-10-09,14,1
2023-10-21,16,1
2023-06-02,11,1
2023-10-09,11,1
2023-10-25,10,1
2023-10-22,20,1
2023-10-29,3,1
2023-10-21,11,1
2023-10-09,6,1
2023-10-29,11,1
2023-06-04,10,1
2023-06-01,19,1
2023-10-04,7,1
2023-08-01,13,1
2023-10-04,4,1
2023-08-24,14,1
2023-07-22,14,1
2023-07-22,12,1
2023-08-22,18,1
2023-07-22,11,1
2023-08-22,19,1
2023-07-22,10,1
2023-07-22,3,1
2023-08-24,9,1
2023-08-24,15,1
2023-10-03,17,1
2023-07-21,15,1
2023-07-21,12,1
2023-08-25,5,1
2023-07-21,7,1
2023-07-21,6,1
2023-07-21,4,1
2023-07-21,0,1
2023-08-25,8,1
2023-07-22,18,1
2023-08-20,18,1
2023-07-23,0,1
2023-07-23,5,1
2023-08-17,14,1
2023-07-24,6,1
2023-08-17,18,1
2023-08-17,19,1
2023-08-18,2,1
2023-08-18,7,1
2023-08-18,11,1
2023-08-18,14,1
2023-07-23,14,1
2023-07-23,13,1
2023-08-18,18,1
2023-08-19,4,1
2023-08-19,10,1
2023-08-19,11,1
2023-08-19,13,1
2023-08-19,20,1
2023-07-23,6,1
2023-07-20,17,1
2023-08-25,15,1
2023-08-25,20,1
2023-07-18,18,1
2023-08-28,21,1
2023-07-18,16,1
2023-07-18,14,1
2023-07-18,12,1
2023-08-29,7,1
2023-07-18,4,1
2023-07-17,21,1
2023-08-29,15,1
2023-08-29,16,1
2023-07-17,19,1
2023-08-30,6,1
2023-07-17,4,1
2023-08-30,18,1
2023-07-16,16,1
2023-07-16,11,1
2023-07-16,10,1
2023-08-30,20,1
2023-08-28,19,1
2023-07-19,4,1
2023-07-20,13,1
2023-08-28,12,1
2023-07-20,12,1
2023-07-20,6,1
2023-08-26,13,1
2023-08-26,15,1
2023-07-20,4,1
2023-08-26,20,1
2023-07-19,21,1
2023-07-19,19,1
2023-07-19,18,1
2023-08-27,11,1
2023-08-27,13,1
2023-07-19,15,1
2023-08-28,2,1
2023-08-28,3,1
2023-07-19,11,1
2023-08-28,6,1
2023-07-19,10,1
2023-08-17,13,1
2023-07-24,13,1
2023-07-24,19,1
2023-07-29,23,1
2023-08-08,2,1
2023-08-08,3,1
2023-07-29,17,1
2023-07-29,16,1
2023-07-29,15,1
2023-08-08,5,1
2023-08-08,10,1
2023-08-08,11,1
2023-08-08,18,1
2023-08-09,6,1
2023-08-09,7,1
2023-08-09,14,1
2023-08-09,17,1
2023-07-28,18,1
2023-08-10,7,1
2023-08-10,11,1
2023-08-10,13,1
2023-08-07,14,1
2023-07-30,5,1
2023-07-28,16,1
2023-07-30,6,1
2023-08-01,2,1
2023-08-02,12,1
2023-08-03,8,1
2023-07-31,16,1
2023-08-03,9,1
2023-08-03,12,1
2023-08-03,15,1
2023-08-04,8,1
2023-08-04,12,1
2023-08-05,14,1
2023-08-05,15,1
2023-07-30,19,1
2023-08-06,0,1
2023-07-30,16,1
2023-07-30,14,1
2023-08-06,18,1
2023-08-07,5,1
2023-08-10,17,1
2023-08-10,19,1
2023-08-16,15,1
2023-07-26,15,1
2023-07-26,12,1
2023-08-14,9,1
2023-07-26,8,1
2023-08-14,11,1
2023-08-14,14,1
2023-08-14,19,1
2023-08-15,6,1
2023-07-26,4,1
2023-07-26,2,1
2023-08-15,14,1
2023-07-26,1,1
2023-08-15,16,1
2023-08-15,17,1
2023-08-16,3,1
2023-08-16,4,1
2023-07-25,1,1
2023-07-25,0,1
2023-07-26,14,1
2023-08-13,19,1
2023-08-11,0,1
2023-08-13,18,1
2023-08-11,3,1
2023-08-11,6,1
2023-08-11,8,1
2023-07-28,1,1
2023-08-11,16,1
2023-08-11,20,1
2023-07-27,17,1
2023-08-12,4,1
2023-08-12,7,1
2023-08-12,10,1
2023-08-12,21,1
2023-08-13,8,1
2023-07-27,6,1
2023-07-26,22,1
2023-08-13,12,1
2023-08-13,14,1
2023-07-26,18,1
2023-08-31,2,1
2023-08-31,8,1
2023-08-31,14,1
2023-09-21,18,1
2023-07-01,19,1
2023-07-01,18,1
2023-09-22,9,1
2023-07-01,8,1
2023-09-22,16,1
2023-07-01,6,1
2023-07-01,5,1
2023-09-22,18,1
2023-09-23,8,1
2023-09-23,10,1
2023-09-24,6,1
2023-06-30,21,1
2023-06-30,14,1
2023-06-30,13,1
2023-09-24,12,1
2023-09-24,15,1
2023-06-30,6,1
2023-07-02,11,1
2023-09-21,14,1
2023-06-29,21,1
2023-07-02,12,1
2023-09-17,10,1
2023-07-03,18,1
2023-09-17,16,1
2023-09-17,17,1
2023-09-17,20,1
2023-09-18,9,1
2023-09-18,18,1
2023-09-18,21,1
2023-09-19,10,1
2023-09-19,20,1
2023-07-03,5,1
2023-09-20,9,1
2023-07-02,21,1
2023-09-20,16,1
2023-07-02,18,1
2023-09-20,22,1
2023-09-21,3,1
2023-09-24,21,1
2023-09-25,5,1
2023-09-17,9,1
2023-10-01,9,1
2023-10-01,18,1
2023-10-02,4,1
2023-06-25,19,1
2023-06-25,17,1
2023-06-25,14,1
2023-06-24,20,1
2023-06-24,19,1
2023-10-02,9,1
2023-06-24,10,1
2023-06-23,20,1
2023-06-23,18,1
2023-10-02,19,1
2023-06-23,14,1
2023-06-23,12,1
2023-06-23,10,1
2023-06-23,8,1
2023-06-22,8,1
2023-06-26,14,1
2023-06-26,19,1
2023-09-25,23,1
2023-06-27,0,1
2023-06-29,14,1
2023-09-26,6,1
2023-09-26,13,1
2023-09-27,4,1
2023-09-27,18,1
2023-09-27,21,1
2023-09-28,10,1
2023-06-28,19,1
2023-09-28,16,1
2023-09-28,18,1
2023-09-29,19,1
2023-09-30,4,1
2023-06-27,17,1
2023-06-27,15,1
2023-06-27,14,1
2023-06-27,13,1
2023-06-27,7,1
2023-07-04,6,1
2023-09-16,23,1
2023-07-15,14,1
2023-07-11,10,1
2023-09-06,8,1
2023-09-06,12,1
2023-07-10,13,1
2023-09-06,18,1
2023-09-06,19,1
2023-09-06,21,1
2023-09-07,1,1
2023-07-10,1,1
2023-09-07,2,1
2023-09-07,7,1
2023-09-07,8,1
2023-09-07,11,1
2023-09-07,16,1
2023-09-07,19,1
2023-07-09,9,1
2023-07-09,6,1
2023-09-08,0,1
2023-09-05,15,1
2023-09-04,9,1
2023-09-09,21,1
2023-09-04,6,1
2023-07-15,12,1
2023-07-15,11,1
2023-07-15,10,1
2023-09-01,14,1
2023-07-14,14,1
2023-09-02,2,1
2023-07-14,10,1
2023-07-14,9,1
2023-09-02,15,1
2023-07-12,13,1
2023-07-12,12,1
2023-09-03,11,1
2023-07-12,10,1
2023-07-11,20,1
2023-09-03,15,1
2023-07-11,17,1
2023-07-11,13,1
2023-07-09,4,1
2023-09-10,7,1
2023-07-04,16,1
2023-07-06,12,1
2023-07-06,10,1
2023-07-06,9,1
2023-09-13,17,1
2023-07-05,14,1
2023-09-13,19,1
2023-09-13,22,1
2023-09-14,11,1
2023-09-14,16,1
2023-07-05,11,1
2023-09-15,14,1
2023-07-05,9,1
2023-09-15,19,1
2023-07-05,8,1
2023-07-05,7,1
2023-07-05,6,1
2023-09-15,22,1
2023-09-16,10,1
2023-09-13,8,1
2023-09-12,15,1
2023-09-10,16,1
2023-09-12,14,1
2023-09-10,20,1
2023-07-08,17,1
2023-09-10,21,1
2023-07-08,10,1
2023-07-08,9,1
2023-09-11,3,1
2023-07-08,3,1
2023-09-11,5,1
2023-09-11,6,1
2023-07-07,16,1
2023-07-07,9,1
2023-09-11,13,1
2023-07-07,8,1
2023-09-11,16,1
2023-09-12,11,1
2023-09-12,13,1
2023-07-07,5,1
2023-07-05,10,1
2019-07-11,12,1
2023-05-18,21,1
2021-03-22,8,1
2021-03-18,18,1
2021-03-19,9,1
2021-03-19,12,1
2021-03-19,14,1
2021-03-20,10,1
2021-03-20,20,1
2021-03-21,6,1
2021-03-21,14,1
2021-03-22,18,1
2021-03-26,16,1
2021-03-23,11,1
2021-03-23,15,1
2021-03-23,20,1
2021-03-24,8,1
2021-03-24,13,1
2021-03-24,16,1
2021-03-24,18,1
2021-03-24,21,1
2021-03-18,17,1
2021-03-17,11,1
2021-03-17,5,1
2021-03-16,12,1
2021-03-10,23,1
2021-03-12,9,1
2021-03-12,16,1
2021-03-12,23,1
2021-03-13,7,1
2021-03-13,9,1
2021-03-13,13,1
2021-03-13,14,1
2021-03-13,18,1
2021-03-13,19,1
2021-03-13,20,1
2021-03-13,21,1
2021-03-14,11,1
2021-03-14,17,1
2021-03-15,8,1
2021-03-15,16,1
2021-03-16,5,1
2021-03-25,6,1
2021-03-26,17,1
2021-04-10,22,1
2021-04-07,14,1
2021-04-04,17,1
2021-04-05,6,1
2021-04-05,9,1
2021-04-05,10,1
2021-04-05,17,1
2021-04-05,19,1
2021-04-06,11,1
2021-04-06,18,1
2021-04-07,21,1
2021-03-27,10,1
2021-04-07,22,1
2021-04-08,7,1
2021-04-08,13,1
2021-04-08,14,1
2021-04-09,18,1
2021-04-09,20,1
2021-04-09,22,1
2021-04-10,6,1
2021-04-03,21,1
2021-04-03,15,1
2021-04-03,11,1
2021-04-02,17,1
2021-03-27,21,1
2021-03-28,5,1
2021-03-28,6,1
2021-03-28,11,1
2021-03-28,16,1
2021-03-28,17,1
2021-03-28,20,1
2021-03-29,15,1
2021-03-29,17,1
2021-03-29,19,1
2021-03-30,13,1
2021-03-31,5,1
2021-03-31,22,1
2021-04-01,13,1
2021-04-01,20,1
2021-04-01,23,1
2021-04-02,11,1
2021-03-10,13,1
2021-03-10,10,1
2021-03-10,5,1
2021-02-11,12,1
2021-02-08,1,1
2021-02-08,15,1
2021-02-08,20,1
2021-02-10,12,1
2021-02-10,14,1
2021-02-10,19,1
2021-02-10,21,1
2021-02-11,11,1
2021-02-11,14,1
2021-03-09,11,1
2021-02-11,15,1
2021-02-11,22,1
2021-02-12,0,1
2021-02-12,20,1
2021-02-13,12,1
2021-02-14,11,1
2021-02-15,20,1
2021-02-16,11,1
2021-02-08,0,1
2021-02-07,12,1
2021-02-07,8,1
2021-02-06,21,1
2021-01-31,15,1
2021-02-01,13,1
2021-02-01,20,1
2021-02-01,21,1
2021-02-02,0,1
2021-02-02,14,1
2021-02-02,18,1
2021-02-02,21,1
2021-02-02,22,1
2021-02-03,11,1
2021-02-04,14,1
2021-02-04,15,1
2021-02-04,19,1
2021-02-05,7,1
2021-02-05,10,1
2021-02-05,13,1
2021-02-06,16,1
2021-02-16,18,1
2021-02-17,18,1
2021-02-17,20,1
2021-02-28,9,1
2021-03-05,14,1
2021-03-05,16,1
2021-03-05,17,1
2021-03-05,18,1
2021-03-05,21,1
2021-03-06,7,1
2021-03-06,13,1
2021-03-06,14,1
2021-03-06,22,1
2021-03-06,23,1
2021-03-07,15,1
2021-03-07,17,1
2021-03-07,18,1
2021-03-07,21,1
2021-03-08,7,1
2021-03-08,11,1
2021-03-08,17,1
2021-03-01,11,1
2021-02-27,18,1
2021-02-18,13,1
2021-02-27,16,1
2021-02-18,16,1
2021-02-18,17,1
2021-02-18,20,1
2021-02-19,10,1
2021-02-19,21,1
2021-02-20,9,1
2021-02-21,9,1
2021-02-21,14,1
2021-02-22,6,1
2021-02-22,18,1
2021-02-23,11,1
2021-02-24,11,1
2021-02-25,9,1
2021-02-25,15,1
2021-02-25,23,1
2021-02-26,19,1
2021-02-27,6,1
2021-04-10,12,1
2021-04-12,10,1
2021-01-31,11,1
2022-06-03,18,1
2022-05-30,15,1
2022-05-31,11,1
2022-05-31,21,1
2022-06-01,8,1
2022-06-02,10,1
2022-06-02,20,1
2022-06-03,8,1
2022-06-03,11,1
2022-06-05,12,1
2022-06-10,0,1
2022-06-05,15,1
2022-06-05,21,1
2022-06-06,10,1
2022-06-07,11,1
2022-06-08,21,1
2022-06-08,23,1
2022-06-09,10,1
2022-06-09,17,1
2022-05-29,22,1
2022-05-29,19,1
2022-05-29,14,1
2022-05-29,12,1
2022-05-23,23,1
2022-05-24,8,1
2022-05-24,9,1
2022-05-24,23,1
2022-05-25,10,1
2022-05-25,14,1
2022-05-25,23,1
2022-05-26,5,1
2022-05-26,12,1
2022-05-26,15,1
2022-05-27,9,1
2022-05-27,13,1
2022-05-27,17,1
2022-05-27,22,1
2022-05-28,14,1
2022-05-28,20,1
2022-05-29,9,1
2022-06-09,19,1
2022-06-10,10,1
2022-04-24,16,1
2022-06-22,8,1
2022-06-20,11,1
2022-06-20,13,1
2022-06-20,20,1
2022-06-20,21,1
2022-06-21,10,1
2022-06-21,16,1
2022-06-21,18,1
2022-06-21,23,1
2022-06-22,9,1
2022-06-10,12,1
2022-06-23,12,1
2022-06-23,13,1
2022-06-23,14,1
2022-06-23,18,1
2022-06-23,19,1
2022-06-24,9,1
2022-06-24,13,1
2022-06-24,17,1
2022-06-20,5,1
2022-06-19,17,1
2022-06-19,14,1
2022-06-19,12,1
2022-06-10,22,1
2022-06-12,10,1
2022-06-12,12,1
2022-06-12,15,1
2022-06-12,23,1
2022-06-13,11,1
2022-06-13,17,1
2022-06-13,20,1
2022-06-13,22,1
2022-06-14,15,1
2022-06-15,19,1
2022-06-16,19,1
2022-06-16,21,1
2022-06-16,22,1
2022-06-17,12,1
2022-06-19,7,1
2022-06-19,10,1
2022-05-21,23,1
2022-05-21,22,1
2022-05-21,21,1
2022-05-04,11,1
2022-05-02,21,1
2022-05-03,8,1
2022-05-03,10,1
2022-05-03,12,1
2022-05-03,14,1
2022-05-03,18,1
2022-05-04,7,1
2022-05-04,10,1
2022-05-04,20,1
2022-05-21,15,1
2022-05-04,21,1
2022-05-05,7,1
2022-05-05,9,1
2022-05-05,18,1
2022-05-05,20,1
2022-05-06,6,1
2022-05-06,13,1
2022-05-06,23,1
2022-05-02,20,1
2022-05-02,18,1
2022-05-02,16,1
2022-05-01,17,1
2022-04-24,21,1
2022-04-25,18,1
2022-04-26,21,1
2022-04-27,9,1
2022-04-27,19,1
2022-04-28,9,1
2022-04-28,11,1
2022-04-28,16,1
2022-04-29,14,1
2022-04-29,16,1
2022-04-29,17,1
2022-04-29,19,1
2022-04-29,20,1
2022-04-30,10,1
2022-04-30,12,1
2022-05-01,2,1
2022-05-01,14,1
2022-05-07,10,1
2022-05-07,21,1
2022-05-07,22,1
2022-05-13,8,1
2022-05-13,16,1
2022-05-13,18,1
2022-05-14,22,1
2022-05-16,11,1
2022-05-17,7,1
2022-05-17,8,1
2022-05-17,20,1
2022-05-17,21,1
2022-05-18,15,1
2022-05-18,17,1
2022-05-18,18,1
2022-05-19,7,1
2022-05-20,4,1
2022-05-20,6,1
2022-05-20,13,1
2022-05-20,17,1
2022-05-20,21,1
2022-05-13,12,1
2022-05-13,6,1
2022-05-08,0,1
2022-05-12,22,1
2022-05-08,17,1
2022-05-08,19,1
2022-05-08,22,1
2022-05-09,7,1
2022-05-09,13,1
2022-05-09,14,1
2022-05-09,16,1
2022-05-09,21,1
2022-05-10,7,1
2022-05-10,14,1
2022-05-10,16,1
2022-05-10,23,1
2022-05-11,11,1
2022-05-11,13,1
2022-05-11,19,1
2022-05-12,10,1
2022-05-12,13,1
2021-01-31,13,1
2021-01-30,14,1
2022-06-25,14,1
2020-09-25,9,1
2020-09-10,20,1
2020-09-11,7,1
2020-09-12,20,1
2020-09-13,20,1
2020-09-15,6,1
2020-09-15,7,1
2020-09-23,5,1
2020-09-25,8,1
2020-09-26,10,1
2020-10-13,12,1
2020-09-27,14,1
2020-09-27,16,1
2020-09-29,17,1
2020-10-05,5,1
2020-10-06,6,1
2020-10-08,11,1
2020-10-11,21,1
2020-10-12,10,1
2020-09-07,17,1
2020-09-07,12,1
2020-09-06,16,1
2020-09-06,15,1
2020-08-25,18,1
2020-08-26,11,1
2020-08-27,14,1
2020-08-28,7,1
2020-08-28,17,1
2020-08-28,20,1
2020-08-29,17,1
2020-08-29,21,1
2020-08-31,10,1
2020-08-31,18,1
2020-09-01,5,1
2020-09-01,10,1
2020-09-03,8,1
2020-09-04,6,1
2020-09-04,7,1
2020-09-05,8,1
2020-09-06,12,1
2020-10-12,23,1
2020-10-13,14,1
2020-11-02,7,1
2020-10-30,8,1
2020-10-26,19,1
2020-10-27,20,1
2020-10-28,14,1
2020-10-28,19,1
2020-10-28,22,1
2020-10-28,23,1
2020-10-29,10,1
2020-10-29,12,1
2020-10-30,13,1
2020-10-14,18,1
2020-10-30,14,1
2020-10-30,20,1
2020-10-30,21,1
2020-10-31,5,1
2020-10-31,9,1
2020-10-31,11,1
2020-10-31,13,1
2020-10-31,19,1
2020-10-26,17,1
2020-10-26,14,1
2020-10-26,7,1
2020-10-24,5,1
2020-10-15,12,1
2020-10-15,18,1
2020-10-16,8,1
2020-10-16,13,1
2020-10-16,19,1
2020-10-17,7,1
2020-10-18,5,1
2020-10-18,6,1
2020-10-18,22,1
2020-10-19,4,1
2020-10-19,12,1
2020-10-19,19,1
2020-10-20,7,1
2020-10-20,19,1
2020-10-22,8,1
2020-10-22,12,1
2020-10-22,18,1
2020-08-25,17,1
2020-08-25,11,1
2020-08-20,12,1
2020-07-08,6,1
2020-07-05,19,1
2020-07-05,20,1
2020-07-06,7,1
2020-07-06,17,1
2020-07-07,11,1
2020-07-07,13,1
2020-07-07,15,1
2020-07-07,17,1
2020-07-08,10,1
2020-08-20,10,1
2020-07-08,14,1
2020-07-09,17,1
2020-07-10,8,1
2020-07-10,22,1
2020-07-11,8,1
2020-07-11,10,1
2020-07-11,11,1
2020-07-11,21,1
2020-07-05,17,1
2020-07-05,16,1
2020-07-05,15,1
2020-07-05,14,1
2020-03-21,8,1
2020-03-31,13,1
2020-06-04,23,1
2020-06-08,13,1
2020-06-08,15,1
2020-06-11,0,1
2020-06-12,8,1
2020-06-12,14,1
2020-06-14,6,1
2020-06-16,14,1
2020-07-02,8,1
2020-07-02,18,1
2020-07-03,6,1
2020-07-03,9,1
2020-07-03,13,1
2020-07-03,16,1
2020-07-04,8,1
2020-07-12,5,1
2020-07-12,16,1
2020-07-15,18,1
2020-07-27,19,1
2020-07-28,8,1
2020-07-28,11,1
2020-07-30,10,1
2020-08-01,11,1
2020-08-04,2,1
2020-08-04,14,1
2020-08-04,15,1
2020-08-06,0,1
2020-08-06,1,1
2020-08-09,7,1
2020-08-10,18,1
2020-08-11,11,1
2020-08-11,23,1
2020-08-14,7,1
2020-08-16,22,1
2020-08-18,7,1
2020-08-19,16,1
2020-07-27,23,1
2020-07-27,14,1
2020-07-16,18,1
2020-07-27,11,1
2020-07-17,0,1
2020-07-17,14,1
2020-07-19,19,1
2020-07-20,8,1
2020-07-20,15,1
2020-07-20,20,1
2020-07-20,22,1
2020-07-21,8,1
2020-07-21,13,1
2020-07-23,8,1
2020-07-24,12,1
2020-07-24,16,1
2020-07-24,18,1
2020-07-25,10,1
2020-07-25,13,1
2020-07-26,10,1
2020-07-26,11,1
2020-11-01,13,1
2020-11-02,15,1
2021-01-29,19,1
2021-01-05,22,1
2021-01-02,5,1
2021-01-02,9,1
2021-01-02,22,1
2021-01-03,6,1
2021-01-03,14,1
2021-01-04,11,1
2021-01-05,10,1
2021-01-05,17,1
2021-01-06,19,1
2021-01-09,13,1
2021-01-06,21,1
2021-01-06,22,1
2021-01-06,23,1
2021-01-07,21,1
2021-01-07,22,1
2021-01-08,13,1
2021-01-08,16,1
2021-01-09,7,1
2021-01-01,17,1
2020-12-31,14,1
2020-12-31,9,1
2020-12-30,21,1
2020-12-20,17,1
2020-12-21,17,1
2020-12-22,14,1
2020-12-22,18,1
2020-12-22,20,1
2020-12-23,7,1
2020-12-23,15,1
2020-12-25,13,1
2020-12-26,11,1
2020-12-26,13,1
2020-12-27,10,1
2020-12-27,18,1
2020-12-27,21,1
2020-12-28,7,1
2020-12-28,16,1
2020-12-30,11,1
2020-12-30,15,1
2021-01-09,11,1
2021-01-10,13,1
2020-11-02,19,1
2021-01-24,12,1
2021-01-20,14,1
2021-01-20,15,1
2021-01-20,19,1
2021-01-20,20,1
2021-01-20,22,1
2021-01-21,20,1
2021-01-22,13,1
2021-01-24,0,1
2021-01-26,16,1
2021-01-10,17,1
2021-01-27,8,1
2021-01-27,10,1
2021-01-27,19,1
2021-01-28,8,1
2021-01-28,10,1
2021-01-28,12,1
2021-01-28,16,1
2021-01-28,18,1
2021-01-19,18,1
2021-01-19,16,1
2021-01-18,23,1
2021-01-17,20,1
2021-01-11,11,1
2021-01-12,15,1
2021-01-13,15,1
2021-01-14,16,1
2021-01-14,19,1
2021-01-15,10,1
2021-01-15,12,1
2021-01-15,18,1
2021-01-15,21,1
2021-01-15,22,1
2021-01-16,7,1
2021-01-16,11,1
2021-01-16,13,1
2021-01-16,18,1
2021-01-17,10,1
2021-01-17,11,1
2021-01-17,17,1
2020-12-19,18,1
2020-12-19,11,1
2020-12-17,10,1
2020-11-14,4,1
2020-11-11,10,1
2020-11-12,10,1
2020-11-12,23,1
2020-11-13,6,1
2020-11-13,8,1
2020-11-13,11,1
2020-11-13,16,1
2020-11-13,18,1
2020-11-14,11,1
2020-12-16,19,1
2020-11-14,13,1
2020-11-14,14,1
2020-11-14,20,1
2020-11-15,6,1
2020-11-15,10,1
2020-11-15,11,1
2020-11-15,12,1
2020-11-16,10,1
2020-11-10,23,1
2020-11-10,21,1
2020-11-10,6,1
2020-11-09,17,1
2020-11-03,5,1
2020-11-03,10,1
2020-11-03,18,1
2020-11-04,8,1
2020-11-05,7,1
2020-11-05,16,1
2020-11-06,4,1
2020-11-06,8,1
2020-11-06,11,1
2020-11-07,10,1
2020-11-07,11,1
2020-11-07,13,1
2020-11-07,19,1
2020-11-08,12,1
2020-11-08,14,1
2020-11-08,19,1
2020-11-09,11,1
2020-11-16,14,1
2020-11-16,19,1
2020-11-17,15,1
2020-12-01,7,1
2020-12-01,15,1
2020-12-02,13,1
2020-12-03,11,1
2020-12-03,13,1
2020-12-04,13,1
2020-12-06,23,1
2020-12-07,19,1
2020-12-08,21,1
2020-12-09,5,1
2020-12-10,17,1
2020-12-10,19,1
2020-12-11,11,1
2020-12-11,13,1
2020-12-15,6,1
2020-12-16,6,1
2020-12-16,11,1
2020-12-16,12,1
2020-12-01,10,1
2020-11-29,15,1
2020-11-18,14,1
2020-11-29,13,1
2020-11-18,19,1
2020-11-19,5,1
2020-11-19,7,1
2020-11-19,19,1
2020-11-21,5,1
2020-11-21,15,1
2020-11-22,13,1
2020-11-22,16,1
2020-11-23,16,1
2020-11-24,18,1
2020-11-24,19,1
2020-11-26,18,1
2020-11-27,6,1
2020-11-27,14,1
2020-11-27,22,1
2020-11-28,12,1
2020-11-29,6,1
2022-06-24,19,1
2022-06-25,15,1
2023-05-18,11,1
2023-01-28,20,1
2023-01-25,21,1
2023-01-26,13,1
2023-01-26,18,1
2023-01-26,21,1
2023-01-27,12,1
2023-01-27,19,1
2023-01-28,18,1
2023-01-28,19,1
2023-01-29,4,1
2023-02-08,10,1
2023-01-29,19,1
2023-01-29,23,1
2023-02-01,10,1
2023-02-02,7,1
2023-02-03,13,1
2023-02-03,18,1
2023-02-06,10,1
2023-02-06,11,1
2023-01-25,14,1
2023-01-25,10,1
2023-01-24,4,1
2023-01-23,21,1
2023-01-18,10,1
2023-01-18,11,1
2023-01-18,18,1
2023-01-19,7,1
2023-01-19,9,1
2023-01-19,10,1
2023-01-19,17,1
2023-01-19,19,1
2023-01-20,20,1
2023-01-20,21,1
2023-01-21,13,1
2023-01-21,15,1
2023-01-21,17,1
2023-01-21,18,1
2023-01-22,9,1
2023-01-22,14,1
2023-01-22,19,1
2023-02-06,14,1
2023-02-10,13,1
2023-03-05,13,1
2023-02-28,8,1
2023-02-24,12,1
2023-02-24,13,1
2023-02-25,6,1
2023-02-25,7,1
2023-02-25,20,1
2023-02-26,8,1
2023-02-26,14,1
2023-02-27,15,1
2023-02-28,14,1
2023-02-10,21,1
2023-02-28,15,1
2023-02-28,19,1
2023-03-01,18,1
2023-03-01,20,1
2023-03-02,9,1
2023-03-02,10,1
2023-03-03,11,1
2023-03-04,19,1
2023-02-22,14,1
2023-02-22,13,1
2023-02-21,22,1
2023-02-21,17,1
2023-02-12,8,1
2023-02-14,18,1
2023-02-14,22,1
2023-02-15,8,1
2023-02-15,10,1
2023-02-15,16,1
2023-02-15,20,1
2023-02-16,4,1
2023-02-16,5,1
2023-02-16,14,1
2023-02-19,4,1
2023-02-19,20,1
2023-02-20,7,1
2023-02-20,14,1
2023-02-21,10,1
2023-02-21,11,1
2023-02-21,15,1
2023-01-18,7,1
2023-01-17,15,1
2023-01-17,11,1
2022-12-31,6,1
2022-12-27,9,1
2022-12-27,12,1
2022-12-28,13,1
2022-12-28,17,1
2022-12-29,10,1
2022-12-29,12,1
2022-12-30,17,1
2022-12-30,19,1
2022-12-31,21,1
2023-01-17,6,1
2023-01-01,11,1
2023-01-02,13,1
2023-01-02,16,1
2023-01-02,18,1
2023-01-03,4,1
2023-01-03,8,1
2023-01-05,4,1
2023-01-05,7,1
2022-12-27,6,1
2022-12-26,18,1
2022-12-26,9,1
2022-12-25,17,1
2022-12-15,16,1
2022-12-16,10,1
2022-12-16,12,1
2022-12-17,5,1
2022-12-17,15,1
2022-12-17,21,1
2022-12-18,18,1
2022-12-19,3,1
2022-12-19,4,1
2022-12-19,5,1
2022-12-19,7,1
2022-12-19,11,1
2022-12-20,4,1
2022-12-20,15,1
2022-12-22,19,1
2022-12-24,11,1
2022-12-25,8,1
2023-01-05,10,1
2023-01-05,13,1
2023-01-05,15,1
2023-01-10,12,1
2023-01-11,10,1
2023-01-11,17,1
2023-01-11,20,1
2023-01-12,9,1
2023-01-12,11,1
2023-01-12,14,1
2023-01-12,16,1
2023-01-13,15,1
2023-01-14,5,1
2023-01-14,7,1
2023-01-14,17,1
2023-01-14,18,1
2023-01-15,17,1
2023-01-16,2,1
2023-01-16,6,1
2023-01-16,7,1
2023-01-16,17,1
2023-01-10,13,1
2023-01-10,8,1
2023-01-05,17,1
2023-01-10,4,1
2023-01-06,8,1
2023-01-06,10,1
2023-01-06,14,1
2023-01-06,15,1
2023-01-06,17,1
2023-01-06,19,1
2023-01-07,7,1
2023-01-07,19,1
2023-01-07,22,1
2023-01-08,8,1
2023-01-08,9,1
2023-01-08,12,1
2023-01-08,13,1
2023-01-08,16,1
2023-01-09,5,1
2023-01-09,16,1
2023-01-09,17,1
2023-03-04,20,1
2023-03-05,20,1
2022-12-14,19,1
2023-04-22,14,1
2023-04-20,2,1
2023-04-20,9,1
2023-04-20,12,1
2023-04-20,18,1
2023-04-20,21,1
2023-04-20,23,1
2023-04-21,13,1
2023-04-21,15,1
2023-04-22,16,1
2023-04-27,11,1
2023-04-23,0,1
2023-04-24,18,1
2023-04-25,7,1
2023-04-26,8,1
2023-04-26,10,1
2023-04-26,12,1
2023-04-26,15,1
2023-04-26,19,1
2023-04-19,19,1
2023-04-19,5,1
2023-04-18,8,1
2023-04-17,10,1
2023-04-10,12,1
2023-04-10,13,1
2023-04-10,15,1
2023-04-11,7,1
2023-04-11,10,1
2023-04-12,5,1
2023-04-12,7,1
2023-04-13,9,1
2023-04-13,22,1
2023-04-14,1,1
2023-04-14,9,1
2023-04-14,16,1
2023-04-15,11,1
2023-04-15,13,1
2023-04-16,7,1
2023-04-16,9,1
2023-04-16,13,1
2023-04-27,6,1
2023-04-27,12,1
2023-03-06,12,1
2023-05-12,13,1
2023-05-07,13,1
2023-05-08,11,1
2023-05-09,8,1
2023-05-09,16,1
2023-05-09,20,1
2023-05-10,12,1
2023-05-10,20,1
2023-05-11,11,1
2023-05-12,18,1
2023-04-27,16,1
2023-05-13,15,1
2023-05-14,5,1
2023-05-14,9,1
2023-05-14,20,1
2023-05-15,20,1
2023-05-15,22,1
2023-05-17,4,1
2023-05-18,8,1
2023-05-06,14,1
2023-05-05,21,1
2023-05-05,14,1
2023-05-05,13,1
2023-04-27,23,1
2023-04-28,12,1
2023-04-28,22,1
2023-05-01,14,1
2023-05-01,17,1
2023-05-02,8,1
2023-05-02,11,1
2023-05-02,18,1
2023-05-03,16,1
2023-05-03,17,1
2023-05-03,18,1
2023-05-04,4,1
2023-05-04,8,1
2023-05-04,12,1
2023-05-04,16,1
2023-05-05,7,1
2023-05-05,12,1
2023-04-10,4,1
2023-04-09,21,1
2023-04-09,20,1
2023-03-23,14,1
2023-03-16,17,1
2023-03-16,22,1
2023-03-17,5,1
2023-03-19,20,1
2023-03-20,17,1
2023-03-21,6,1
2023-03-22,6,1
2023-03-22,17,1
2023-03-23,22,1
2023-04-09,18,1
2023-03-24,0,1
2023-03-24,10,1
2023-03-24,16,1
2023-03-24,19,1
2023-03-24,20,1
2023-03-24,22,1
2023-03-25,9,1
2023-03-25,10,1
2023-03-16,14,1
2023-03-16,11,1
2023-03-16,10,1
2023-03-15,13,1
2023-03-06,13,1
2023-03-06,14,1
2023-03-08,21,1
2023-03-09,14,1
2023-03-09,15,1
2023-03-10,11,1
2023-03-10,20,1
2023-03-11,12,1
2023-03-12,12,1
2023-03-12,13,1
2023-03-12,17,1
2023-03-13,4,1
2023-03-14,11,1
2023-03-14,12,1
2023-03-14,16,1
2023-03-14,19,1
2023-03-15,2,1
2023-03-25,20,1
2023-03-25,21,1
2023-03-26,14,1
2023-04-04,21,1
2023-04-05,9,1
2023-04-05,11,1
2023-04-05,15,1
2023-04-05,18,1
2023-04-05,20,1
2023-04-06,9,1
2023-04-06,18,1
2023-04-07,1,1
2023-04-07,16,1
2023-04-07,20,1
2023-04-08,13,1
2023-04-08,16,1
2023-04-08,17,1
2023-04-09,7,1
2023-04-09,8,1
2023-04-09,12,1
2023-04-09,16,1
2023-04-05,8,1
2023-04-04,16,1
2023-03-26,17,1
2023-04-04,5,1
2023-03-26,22,1
2023-03-27,9,1
2023-03-27,11,1
2023-03-27,19,1
2023-03-27,20,1
2023-03-29,6,1
2023-03-29,12,1
2023-03-29,16,1
2023-03-31,6,1
2023-03-31,12,1
2023-03-31,13,1
2023-03-31,14,1
2023-04-02,2,1
2023-04-02,21,1
2023-04-03,13,1
2023-04-04,2,1
2023-04-04,3,1
2022-12-14,20,1
2022-12-14,13,1
2022-06-25,20,1
2022-09-30,7,1
2022-09-28,11,1
2022-09-28,20,1
2022-09-28,21,1
2022-09-29,6,1
2022-09-29,7,1
2022-09-29,9,1
2022-09-29,11,1
2022-09-30,5,1
2022-10-01,2,1
2022-10-03,14,1
2022-10-01,7,1
2022-10-01,19,1
2022-10-01,21,1
2022-10-02,14,1
2022-10-03,4,1
2022-10-03,7,1
2022-10-03,8,1
2022-10-03,9,1
2022-09-27,10,1
2022-09-27,9,1
2022-09-26,20,1
2022-09-26,16,1
2022-09-17,17,1
2022-09-18,13,1
2022-09-18,20,1
2022-09-19,17,1
2022-09-19,22,1
2022-09-20,17,1
2022-09-20,21,1
2022-09-21,14,1
2022-09-21,15,1
2022-09-21,16,1
2022-09-22,9,1
2022-09-22,13,1
2022-09-22,18,1
2022-09-23,4,1
2022-09-24,18,1
2022-09-26,7,1
2022-09-26,10,1
2022-10-03,11,1
2022-10-03,16,1
2022-10-23,11,1
2022-10-19,8,1
2022-10-15,9,1
2022-10-15,10,1
2022-10-15,20,1
2022-10-16,16,1
2022-10-17,10,1
2022-10-17,19,1
2022-10-18,11,1
2022-10-18,15,1
2022-10-19,15,1
2022-10-06,6,1
2022-10-20,5,1
2022-10-20,7,1
2022-10-20,8,1
2022-10-20,10,1
2022-10-20,12,1
2022-10-20,13,1
2022-10-21,20,1
2022-10-23,8,1
2022-10-14,15,1
2022-10-14,10,1
2022-10-14,9,1
2022-10-13,8,1
2022-10-06,17,1
2022-10-07,10,1
2022-10-08,11,1
2022-10-09,15,1
2022-10-09,18,1
2022-10-10,2,1
2022-10-10,6,1
2022-10-10,7,1
2022-10-11,10,1
2022-10-11,13,1
2022-10-12,8,1
2022-10-12,10,1
2022-10-12,12,1
2022-10-12,16,1
2022-10-12,17,1
2022-10-12,19,1
2022-10-13,5,1
2022-09-16,17,1
2022-09-15,21,1
2022-09-15,14,1
2022-07-14,8,1
2022-07-08,19,1
2022-07-09,12,1
2022-07-09,21,1
2022-07-09,22,1
2022-07-10,10,1
2022-07-10,14,1
2022-07-11,18,1
2022-07-11,20,1
2022-07-15,12,1
2022-09-15,13,1
2022-07-16,11,1
2022-07-17,6,1
2022-07-20,23,1
2022-07-24,18,1
2022-07-27,16,1
2022-07-29,13,1
2022-07-31,19,1
2022-07-31,21,1
2022-07-08,14,1
2022-07-08,1,1
2022-07-07,21,1
2022-07-07,19,1
2022-06-26,13,1
2022-06-26,14,1
2022-06-26,15,1
2022-06-26,20,1
2022-06-27,8,1
2022-06-29,18,1
2022-06-29,22,1
2022-06-30,19,1
2022-07-01,10,1
2022-07-01,20,1
2022-07-02,14,1
2022-07-03,18,1
2022-07-03,22,1
2022-07-04,18,1
2022-07-04,22,1
2022-07-05,14,1
2022-07-06,16,1
2022-07-31,22,1
2022-08-01,10,1
2022-08-02,15,1
2022-09-03,21,1
2022-09-06,9,1
2022-09-07,8,1
2022-09-07,18,1
2022-09-08,12,1
2022-09-08,16,1
2022-09-08,21,1
2022-09-09,0,1
2022-09-09,9,1
2022-09-11,13,1
2022-09-11,14,1
2022-09-11,16,1
2022-09-12,9,1
2022-09-13,13,1
2022-09-13,14,1
2022-09-13,17,1
2022-09-14,7,1
2022-09-14,11,1
2022-09-05,18,1
2022-09-03,11,1
2022-08-09,22,1
2022-09-03,7,1
2022-08-10,16,1
2022-08-10,18,1
2022-08-10,21,1
2022-08-11,5,1
2022-08-12,12,1
2022-08-16,21,1
2022-08-16,22,1
2022-08-20,11,1
2022-08-22,12,1
2022-08-25,7,1
2022-08-27,11,1
2022-08-27,15,1
2022-08-27,16,1
2022-08-28,7,1
2022-08-28,14,1
2022-08-31,14,1
2022-09-01,10,1
2022-10-23,10,1
2022-10-23,20,1
2022-12-14,11,1
2022-11-30,6,1
2022-11-27,6,1
2022-11-28,4,1
2022-11-28,8,1
2022-11-28,13,1
2022-11-28,20,1
2022-11-29,4,1
2022-11-29,11,1
2022-11-30,4,1
2022-11-30,8,1
2022-12-02,6,1
2022-11-30,15,1
2022-11-30,16,1
2022-12-01,3,1
2022-12-01,9,1
2022-12-01,11,1
2022-12-01,14,1
2022-12-01,16,1
2022-12-01,18,1
2022-11-26,17,1
2022-11-25,17,1
2022-11-25,16,1
2022-11-25,14,1
2022-11-20,18,1
2022-11-21,8,1
2022-11-21,12,1
2022-11-21,15,1
2022-11-21,19,1
2022-11-22,13,1
2022-11-23,8,1
2022-11-23,16,1
2022-11-24,7,1
2022-11-24,10,1
2022-11-24,11,1
2022-11-24,14,1
2022-11-24,17,1
2022-11-24,18,1
2022-11-25,6,1
2022-11-25,8,1
2022-11-25,11,1
2022-12-02,5,1
2022-12-02,7,1
2022-10-24,11,1
2022-12-10,17,1
2022-12-07,11,1
2022-12-07,18,1
2022-12-08,10,1
2022-12-08,13,1
2022-12-09,5,1
2022-12-09,7,1
2022-12-09,8,1
2022-12-09,9,1
2022-12-10,20,1
2022-12-02,8,1
2022-12-11,9,1
2022-12-12,6,1
2022-12-12,11,1
2022-12-12,12,1
2022-12-12,13,1
2022-12-12,17,1
2022-12-13,3,1
2022-12-13,6,1
2022-12-07,10,1
2022-12-07,9,1
2022-12-07,3,1
2022-12-06,5,1
2022-12-02,12,1
2022-12-02,14,1
2022-12-03,4,1
2022-12-03,8,1
2022-12-03,11,1
2022-12-03,12,1
2022-12-03,14,1
2022-12-03,17,1
2022-12-04,7,1
2022-12-04,10,1
2022-12-04,15,1
2022-12-04,18,1
2022-12-05,5,1
2020-02-01,19,1
2022-12-05,11,1
2022-12-05,21,1
2022-12-06,4,1
2022-11-20,16,1
2022-11-20,15,1
2022-11-20,14,1
2022-11-04,22,1
2022-11-01,21,1
2022-11-02,9,1
2022-11-02,16,1
2022-11-02,17,1
2022-11-02,19,1
2022-11-02,20,1
2022-11-04,8,1
2022-11-04,10,1
2022-11-05,5,1
2022-11-20,3,1
2022-11-05,8,1
2022-11-05,9,1
2022-11-05,10,1
2022-11-05,12,1
2022-11-05,15,1
2022-11-06,7,1
2022-11-06,8,1
2022-11-06,15,1
2022-11-01,20,1
2022-11-01,11,1
2022-11-01,8,1
2022-10-31,10,1
2022-10-24,13,1
2022-10-24,16,1
2022-10-24,17,1
2022-10-24,20,1
2022-10-25,8,1
2022-10-25,10,1
2022-10-25,11,1
2022-10-25,20,1
2022-10-26,7,1
2022-10-26,11,1
2022-10-26,15,1
2022-10-27,10,1
2022-10-27,20,1
2022-10-27,21,1
2022-10-27,23,1
2022-10-28,9,1
2022-10-28,13,1
2022-11-06,20,1
2022-11-06,22,1
2022-11-07,22,1
2022-11-13,9,1
2022-11-13,12,1
2022-11-13,13,1
2022-11-14,12,1
2022-11-14,17,1
2022-11-15,7,1
2022-11-15,20,1
2022-11-16,9,1
2022-11-16,18,1
2022-11-17,11,1
2022-11-17,17,1
2022-11-18,6,1
2022-11-18,12,1
2022-11-18,14,1
2022-11-18,15,1
2022-11-18,18,1
2022-11-18,20,1
2022-11-19,18,1
2022-11-13,10,1
2022-11-12,23,1
2022-11-08,11,1
2022-11-12,17,1
2022-11-08,14,1
2022-11-08,17,1
2022-11-09,9,1
2022-11-09,14,1
2022-11-09,15,1
2022-11-09,20,1
2022-11-09,22,1
2022-11-10,12,1
2022-11-10,13,1
2022-11-10,15,1
2022-11-10,16,1
2022-11-10,22,1
2022-11-11,12,1
2022-11-11,20,1
2022-11-11,21,1
2022-11-11,22,1
2022-11-12,14,1
2023-11-02,12,1
